items__title,items__subject,items__url,items__script,items__abstract,items__author,items__id
Sarvajnanottara Agama Vidya and Yoga Pada,Shaiva Agama,https://drive.google.com/open?id=1a0NJxJx1H3JsDTf5G3okV6o8rSrejmqe,English,Sarvajnanottara Agama Vidya and Yoga Pada or section translated to English by Dr. S.P. Sabharathanam Sivacharyar. One of the most important Saiva Agamas. Subjects include the direct blissful experience of absolute oneness with Siva the nature of the physical self inner self self associated with tattvas self in the form of mantra and the nature of the Supreme Self.  Sarvajnanottara Agama Yoga Pada: 99 pages Chapters: Introduction 1 Treatise on Yoga 2 The Direct Blissful Experience of Absolute Oneness with Siva 3 On the nature of physical self 4 On the nature of inner self 5 On the nature of the self associated with tattvas 6 The Nature of the Self in the Form of Mantra 7 The Nature of the Supreme Self,Dr. S.P. Sabharathanam Sivacharyar,0
Kirana Agama,Shaiva Agama,https://drive.google.com/open?id=1SkMRXCl3THgr3usDT17n_ZQS_1_HzleP,English,This is a PDF of a hand-written translation of Kirana Agama Charya Kriya and Vidya portions is by Dr. Sabharathnam S. Pattusamy of Chennai India. Copyright Himalayan Academy.,Dr. Sabharathnam S. Pattusamy,1
Kamika Agama Purva Pada - Part One,Shaiva Agama,https://drive.google.com/open?id=1iOmHAr11RDOHmmva_76n9gc4CHjvcdW2,English,First section of the Kamika Agama a principle Saiva Agama. Kamika is a primary source for details of personal worship temple construction dedication and worship and many aspects of home and village design. English translation by Dr. S.P. Sabharathanam Sivacharya with original devanagiri and transliteration.   Kamika Agama Part one: 1174 pages Title Page Diacritical system 1 Revelation and Transmission of the Agamas 2 Formulation of the Significant Mantras 3 Directions for taking the daily bath in various ceremonial ways 4 Directions for the daily worship of Lord Siva 5 On the essential aspects of the daily worship 6 On the offering of food and appetizing dishes 7 The lineaments of various fire pits 8 Directions of the performance of fire rituals 9 Selection of auspicious time 10 Examining the omens 11 Examination of the sites 12 Offering of Bali for gaining access to the ground 13 Directions for taking possession of the ground 14 Directions for ploughing the selected ground 15 Directions for the erection of gnomon 16 System of measures and measuring tools 17 Reticulation of the ground and allocation of the grids 18 Directions for marking and identification of lines 19 Directions for offering of Bali to the Vastu Deities 20 Characteristics of villages towns and such others 21 Directions for fixing the length and breadth 22 Characteristics of Aya and other factors 23 Directions for designing the mandala of constellations 24 Directions for dandika and other patterns of village planning 25 Directions of ascertaining the entrance of the main roads 26 Directions for allocation of appropriate places for the Deities in villages and other settlements 27 The number of brahmins for gifting the land 28 Specific rules for the allocation of sites in the villages and other settlements 29 Rules in respect of Brahmapada Devapada and others 30 Directions for ascertaining appropriate locations for those who live in the villages and other settlements 31 Directions for laying the foundation deposit 32 Directions for the construction of miniature shrine 33 Directions for the solemn entry into the allocated parts of the village and the houses 34 Directions for the propitiatory fire ritual for Vastu 35 Directions for the construction of single mansion and successive mansions 36 The lineaments of specific main buildings 37 The lineaments of the buildings of two rows and three rows 38 Features of a complex consisting of four main buildings 39 Characteristics of vardhamana building 40 Characteristics of nandyavarta building 41 Directions for the construction of svastika type of buildings 42 Directions for the construction of catussala 43 Directions for the construction of pancasala building 44 Directions for the construction of stables for elephant and others 45 Characteristics of gallery-like buildings 46 features of langala malika buildings 47 Characteristics of maulika - malika constructions 48 Directions for the construction of padmama lika buildings 49 Classification of land and buildings into nagara and others 50 Proportions of the height for storeyed buildings 51 Directions for placing the first bricks 52 Directions for the construction of pedestal and base 53 Proportionated parts of the columns 54 Directions for the designing of entablature 55 Directions for the embellishments of the buildings 56 The features of the neck part of the pillars 57 Characteristic features of the roof 58 Characteristic features of the finial 59 Installation of spout and other elements 60 Features of single storeyed and multi-storyed superstructure 61 Directions for placing the final bricks 62 Characteristics of Sivalinga 63 Directions for the systematic offering of the sprouts 64 Directions for the installation of Sivalinga 65 Directions for making the icons with essential lineaments 66 Directions for structuring the wooden inner frame for the stucco images 67 Exact locations for the installation of various Deities 68 Directions for installation of the images 69 Directions for the consecration of superstructure 70 Directions for the consecration of pavilions 71 Characteristics of the temple enclosures 72 Specific details for the installation of the retinue Deities 73 Directions for the worship of the retinue Deities 74 Directions for the installation of the bull 75 Directions for empowering the gopura,DR. S.P. SABHARATHNAM,2
Raurava Agama Vidya Pada - Knowledge section,Shaiva Agama,https://drive.google.com/open?id=1I9aQHw2g0dQWoymqB3XIvA_FpHML2gVk,English,Raurava Agama Vidya Pada or knowledge section translated to English by Dr. S.P. Sabharathnam Sivacharyar. Subjects include Siva tattvas transmission of scriptures metaphysical path mudras breathing yoga initiation instructions to the dying sadhaka and meaning of vyoma vyapi mantra.  Raurava Agama Vidya Pada: 109 pages 1 Introductory Chapter 2 The Scheme of S'iva Tattvas 3 The Transmission of Scriptures 4 The Features of Metaphysical Path (adhva) 5 Directions for Holding the Palms and Fingers inDifferent Positions 6 Directions for Doing the Nya'sa of S'ivakala' Mantras 7 Directions for the yoga-practice of Dha'ran.a' 8 Significance of Various Kinds of Initiation 9 Departure and Absorption of the Soul 10 Detailed Exposition of the Significant Meaning of Vyoma Vya'pi Mantra,Dr. S.P. Sabharathnam Sivacharyar,3
Matanga Agama Vidya Pada - Section on knowledge,Shaiva Agama,https://drive.google.com/open?id=1iaLZVfqGWTl8ZeWSvZyeD388n7pPdtso,English,Matanga Agama Vida Pada or section on knowledge translated into English by Dr. S.P. Sabharathnam Sivacharyar. This is an agama of very deep philosophy on the nature of Siva and of liberation. Includes chapters one to four.  Mantanga Agama Vidya Pada 1 Introductory Chapter on the Content of the Text 2 A Brief Summary of the Contents of this Agama 3 Ruminations on the Nature of Two Tattvas - Laya and Bhoga 4 The Nature of Adhikara Tattva (Sadasiva Tattva) 5 Reflections on the Nature of Sakti 6 Detailed Analysis of the Nature of Soul Bonds and Isvara,DR. S.P. SABHARATHNAM SIVACHARYAR,4
Pauskara Agama Vidya Pada - Knowledge section,Shaiva Agama,https://drive.google.com/open?id=1XweUwzjO0BoadSXyjBtfCo84qs_QZHji,English,Pauskara Agama Vidya Pada or Knowledge section translated to English by Dr. S.P. Sabharathnam Sivacharyar. A deep philosophic section dealing with the nature of Siva Maya the bound soul time tattvas ahankara subtle and gross elements means of valid and true knowledge and the nature of the Agamas.  Pauskara Agama Vidya Pada: 254 pages 1 Chapter on the Characteristics of the Supreme Lord (Pati) 2 The Nature of Bindu 3 On the Nature of Ma'ya' 4 On the Nature of the Bound Soul 5 On the Nature of Kala and Other Tattvas the Binding Categories 6 Nature of the Soul as the Experiencing Entity(purusha) 7 The Nature of Ahanka'ra and Other Tattvas 8 The Nature of Subtle and Gross Elements 9 On the Means of Valid and True Knowledge 10 Revelation of the Agamas,DR. S.P. SABHARATHNAM SIVACHARYAR,5
Mrgendra Agama Vidya Pada - Knowledge section,Shaiva Agama,https://drive.google.com/open?id=1tAkvXXnPvpZ8_7Pj_AAXvkB9cSILEQnp,English,Mrgendra Agama Vidya Pada or knowledge section translated to English by Dr. S.P. Sabharathnam. The knowledge sections of the agamas are very dense philosophically this one dealing with just for example An Analysis of the Essential Nature of the Supreme Lord in chapter five.  Mrgendra Agama Vidya Pada: 112 pages 1 Introductory Chapter 2 Refutation of the Concepts of Liberation as held in the Systems other than Saiva Siddhanta 3 An Analysis of the Essential Nature of the Supreme Lord 4 On the Absolute Lordship of Lord Siva 5 The Principles and the Process of Fivefold Function 6 On the Nature of the Bound Soul 7 On the Nature of Bonds 8 An Inquiry into the Nature of Karmas 9 On the Essential Nature of Maya 10 On the Nature of Kala and Other Tattvas 11 On the Nature of Dispositions (pratyayas) and Others 12 On the Nature of Organs and Others 13 Description of the Worlds Existing in Different Planes of 'Bhuvana Adhva',DR. S.P. SABHARATHNAM,6
Kamika Agama Uttara Pada - Part Two,Shaiva Agama,https://drive.google.com/open?id=1b3uAojAf-ow0yK-q-lRd_XJFBq39uIrL,English,Second section (through chapter 63) of the Kamika Agama a principle Saiva Agama. Kamika is a primary source for details of personal worship initiation deity installation temple construction dedication and worship and many aspects of home and village design. English translation by Dr. S.P. Sabharathanam Sivacharya with original devanagiri and transliteration.  Kamika Agama Part 2 (incomplete translation in progress and will be periodically updated) 1 Directions for the Worship of Sivalinga which is Facing the West 2 Directions for the Worship of the Linga which is Facing the South 3 Directions for the Worship of Sakala Murtis (Fully Manifested Forms) 4 Directions for Ceremonial Bathing with Snapana 5 Directions for the Performance of Daily Festival 6 Directions for Celebrating the Grand Festival 7 Directions for Arranging and Waving the Lights 8 Directions for Arraying the Rows of Lights in the Month of Kartika(Nov-Dec) 9 Directions for the performance of Ghee-bath and Swing-festival in the Month of Margasirsha and Honey-bath in the Month of Pushya 10 Directions for the Performance of Worship with Woollen Blanket Anointed with Clarified Butter in the Magha month 11 Directions for the Performance of Sivaratri-worship in the month of Magha (Feb-March) 12 Directions for the Performance of Gandha-Puja in the month of Phalguna (Mar-Apr) 13 Directions for the Performance of Damana Puja in the Month of Caitra (Apr-May) 14 Directions for the Performance of Spring Festival 15 Directions for Performing the Cool-pot Ritual in the Month of Vaisakha (May-June) 16 Directions for Performing the Worship with Fruits in the Month of Jyeshtha (June-July) 17 Directions for Performing the Worship on Purva-phalguni in the Month of Ashadha (July-Aug) 18 Directions for Offering the Pavitra in the Month of Sravana (Aug-Sept) 19 Directions for Offering the Fresh Yields of the Crops 20 Directions for the Performance of Samaya and Visesha Initiation 21 Directions for Cooking the Rice for the Fire-ritual in aSpecial Vessel 22 Knowing the Effects of Dreams 23 Directions for the Performance of Nirvana Diksha (Initiation Meant for Final Liberation) 24 Directions for the Performance of Jnana-diksha 25 Directions for the Performance of Acharya Abhisheka 26 Directions for the Performance of Fulfilment Ablution 27 Directions for the Performance of Rites of Atonement in General 28 Rites of Atonement such as Krucchra and Others 29 Directions for the Performance of Santi Homa 30 Directions for the Performance of Disa Homa 31 Directions for the Performance of Samhita Homa and Murti Homa 32 Directions for the Peformance of Rites for Appeasing the Portentous Incidents 33 Directions for the Performance of Subsequent and Related Activities (anukarma) 34 Directions for the Performance of Consecration 35 Directions for Setting Right the Defects of Images and for Re-installing the Images 36 Directions for the Performance of Rituals meant for Attaining the Desired Fruits 37 Directions for the Worship of Pratyangira Astra 38 Directions for the Performance of Consecrations 39 Directions for the Construction of Shrine for the Arsha Linga (Linga worshipped by a Sage) 40 Directions for the Construction of the Main Shrine for 'Paurusha Linga' (Linga installed by a Devotee) 41 Directions for the Construction of Shrines based on the available Measurements of the Installed Lingas 42 Directions for the Installation of Anga Linga 43 Directions for the Construction of Shrine for Sarvadesika Linga 44 Directions for the Installation of Bana-Linga 45 Directions for Setting Right the Loosened Band 46 Proportionate Measurements of the Pedestals 47 Embellishments of Various Pedestals 48 Directions for the Installation of the Pedestal 49 Directions for the Installation of Lingas meant for the Attainment of Desired Benefits 50 Directions for the Installation of Sakti 51 Directions for the Installation of Vighnesa 52 Directions for the Installation of the Dancing Form of Lord Siva 53 Directions for the Installation of Somaskanda Murthi(and Sukhasana Murthi) 54 Directions for the Installation of Chandrasekhara Murthi 55 Directions for the Installation of Purari Murthi(Tripurantaka Murthi) 56 Directions for the Installation of Lingodbhava Murthi 57 Directions for the Installation of Dakshinamurthi 58 Directions for the Installation of Bhikshāṭhana Murthi(bhikshāṭanah – one who is wandering and receiving alms) 59 Installation of Balibartru 60 Directions for the Installation of Śarabheśvara Mūrti 61 Directions for the Installation of Caṇḍeśa Anugraha Mūrti Nandikeśvara Anugraha Mūrti and Viṣṇu Anugraha Mūrti 62 Directions for the Installation of Bhakta Anugraha Mūrti 63 Directions for the Installation of Kālāntaka Mūrti and Kāmaghna Mūrti,DR. S.P. SABHARATHANAM SIVACHARYA,7
Rig Veda Samhita -Shakalya - Mandala 1,Rig Veda,https://drive.google.com/file/d/13DuY8sI2m_-kmdnjdNQuNSLTQa6CpUK0/view?usp=drivesdk,English,,,8
Rig Veda Samhita -Shakalya - Mandala 2,Rig Veda,https://drive.google.com/file/d/1MQpmIQJkK3-i8bU8ZQYHh1YSo_VYyn8d/view?usp=drivesdk,English,,,9
Rig Veda Samhita -Shakalya - Mandala 3,Rig Veda,https://drive.google.com/file/d/1Y5kadcHP6ULmTV--twDvUs4WNidhiy1z/view?usp=drivesdk,English,,,10
Rig Veda Samhita -Shakalya - Mandala 4,Rig Veda,https://drive.google.com/file/d/1BSXbr5rEppRhArO4Fuq14T1Y7lRmm2Us/view?usp=drivesdk,English,,,11
Rig Veda Samhita -Shakalya - Mandala 5,Rig Veda,https://drive.google.com/file/d/1gq7rmA9Z7eN165OC2f9SQfcv0oUgF1c8/view?usp=drivesdk,English,,,12
Rig Veda Samhita -Shakalya - Mandala 6,Rig Veda,https://drive.google.com/file/d/1MEy54ZLdguqpxsdEmdGcY6J8c3bYrHDw/view?usp=drivesdk,English,,,13
Rig Veda Samhita -Shakalya - Mandala 7,Rig Veda,https://drive.google.com/file/d/13GFS9wBeWf1jhSwSEELCtfV7oaDmf25u/view?usp=drivesdk,English,,,14
Rig Veda Samhita -Shakalya - Mandala 8,Rig Veda,https://drive.google.com/file/d/1khYsOJ8a0In4zfwdwWbS0Wzip9fXVeWR/view?usp=drivesdk,English,,,15
Rig Veda Samhita -Shakalya - Mandala 9,Rig Veda,https://drive.google.com/file/d/1M969ZnH0NXq-d9KjKvUhgp3VwNy7Y1eQ/view?usp=drivesdk,English,,,16
Rig Veda Samhita -Shakalya - Mandala 10,Rig Veda,https://drive.google.com/file/d/11MrkvOBQ_4xJgQwsQeTBAfYa5SvlnvCr/view?usp=drivesdk,English,,,17
Rig Veda Samhita - Ashtaka 1,Rig Veda,https://drive.google.com/file/d/1fEVMZFOGozyawtQspSfSEXdH676g3aE9/view?usp=drivesdk,English,,,18
Rig Veda Samhita - Ashtaka 2,Rig Veda,https://drive.google.com/file/d/1APnBPT--VAx9AGhpkH-ACJEbwQFSLQ61/view?usp=drivesdk,English,,,19
Rig Veda Samhita - Ashtaka 3,Rig Veda,https://drive.google.com/file/d/17Kz94grwyshxAJl46M5TveSBShb-iFhx/view?usp=drivesdk,English,,,20
Rig Veda Samhita - Ashtaka 4,Rig Veda,https://drive.google.com/file/d/1QlzgOTQZECompKwAoSjYv0MYvsUT1tRf/view?usp=drivesdk,English,,,21
Rig Veda Samhita - Ashtaka 5,Rig Veda,https://drive.google.com/file/d/1fr23oSaGvQBMP2sldPIWe7SptNz0NDQV/view?usp=drivesdk,English,,,22
Rig Veda Samhita - Ashtaka 6,Rig Veda,https://drive.google.com/file/d/12WWBOAAesBKzGNamBhrmyZo3jIB5mujx/view?usp=drivesdk,English,,,23
Rig Veda Samhita - Ashtaka 7,Rig Veda,https://drive.google.com/file/d/1mcVxipZmUDEsuQOatCNV5Yv0fpqniO7F/view?usp=drivesdk,English,,,24
Rig Veda Samhita - Ashtaka 8,Rig Veda,https://drive.google.com/file/d/1GLBnwXyg9N95sDh4P6gOyo6-kUFM8uv7/view?usp=drivesdk,English,,,25
Madhusudani Siksha,Rig Veda Siksha,https://drive.google.com/file/d/1X3qXdr3rEUyh0gWew93_06ieaO4hdYwm/view?usp=drivesdk,Devanagari,,,26
Vyala Siksha,Rig Veda Siksha,https://drive.google.com/file/d/16MVVN2zOHgkaFMpsv6luplfIrWK0nqP1/view?usp=drivesdk,Devanagari,,,27
Vyali Siksha,Rig Veda Siksha,https://drive.google.com/file/d/1Lb3wdW1fTkpMQiGISRCkKb4A4xnE3oBv/view?usp=drivesdk,Devanagari,,,28
Shaishiriya Siksha,Rig Veda Siksha,https://drive.google.com/file/d/1OyYlp681gfBTeuFKahGljRPl6sDN9WJZ/view?usp=drivesdk,Devanagari,,,29
Shaunaka Siksha,Rig Veda Siksha,https://drive.google.com/file/d/19PuntkryA3ANZsQjz6clWMv9LXVcJzmS/view?usp=drivesdk,Devanagari,,,30
Hayagrivi Siksha,Rig Veda Siksha,https://drive.google.com/file/d/1jMjNZojPUQggfb2n-xSui94CNK_VH7Lw/view?usp=drivesdk,Devanagari,,,31
Shamana Siksha,Rig Veda Siksha,https://drive.google.com/file/d/1MBTPJtAkq4Y2vMa6QJQds6nEKFkmtoB5/view?usp=drivesdk,Devanagari,,,32
Svaravyanjana Siksha,Rig Veda Siksha,https://drive.google.com/file/d/1u1A1T0EFiiNLEd5HdEKXtOms2Sfp_eCi/view?usp=drivesdk,Devanagari,,,33
Swarankusha Siksha,Rig Veda Siksha,https://drive.google.com/file/d/1N-1Tn1ajkfjsZAA2e66x0FnHi3zuR9Cq/view?usp=drivesdk,Devanagari,,,34
Athakari Laksanam,Rig Veda Upsiksha,https://drive.google.com/file/d/1LbkZG-0GuXSn_ZDYs5i3prd8EnfItITj/view?usp=drivesdk,Devanagari,,,35
Rgvarnakramalaksana,Rig Veda Upsiksha,https://drive.google.com/file/d/17O7ZmH_vHsSUQeDjAI6mVUvzYvvflrRt/view?usp=drivesdk,Devanagari,,,36
Akhanda Manjari (Aningya Laksanam) of Sesa Narayana,Rig Veda Upsiksha,https://drive.google.com/file/d/1KYLJr234R7p-R2q4kWuQKfJGtcvoiO7j/view?usp=drivesdk,Devanagari,,,37
Rgvilanghya of Nagadeva,Rig Veda Upsiksha,https://drive.google.com/file/d/1T00ipM3FsQ7NlNgOIeGLwOqHeTW5xP_f/view?usp=drivesdk,Devanagari,,,38
Avarni-Dipa of Daksinamurti of Srivatsagotra,Rig Veda Upsiksha,https://drive.google.com/file/d/1LiTzpNabGpmmuc0dHmuh1xENXYW_0awu/view?usp=drivesdk,Devanagari,,,39
Avarni Prakaranam,Rig Veda Upsiksha,https://drive.google.com/file/d/13ZeqDyVgUyclf4FXYnJfm3aXr8kk51Sp/view?usp=drivesdk,Devanagari,,,40
Tapara Prakaranam of Sesa Narayana,Rig Veda Upsiksha,https://drive.google.com/file/d/1Z8lensljR5uIoGWEVZ_DFgNkWMCfHmVz/view?usp=drivesdk,Devanagari,,,41
Vrthavyakti,Rig Veda Upsiksha,https://drive.google.com/file/d/14_9ML8uy6XmNuPaXIK3Z6RUrle5Y-OFz/view?usp=drivesdk,Devanagari,,,42
Svarastaka,Rig Veda Upsiksha,https://drive.google.com/file/d/1KcETLhwuGk_a5sycGaW6g4i1SBBD0GI-/view?usp=drivesdk,Devanagari,,,43
Jata Patala Karika,Rig Veda Upsiksha,https://drive.google.com/file/d/1cBSng3AVx_pHIyRPxVrVltpnKZDdUM06/view?usp=drivesdk,Devanagari,,,44
Amaresa Siksha,Shukla Yajur Veda Siksha,https://drive.google.com/file/d/1GxnIy9cD83GiUNvdyi1pX2vDYytgayeW/view?usp=drivesdk,Devanagari,,,45
Amoghanandini Siksha,Shukla Yajur Veda Siksha,https://drive.google.com/file/d/1CwU9mh__HG4NzPUclOLLBLKM-ey-I6pf/view?usp=drivesdk,Devanagari,,,46
Avasananirnaya Siksha,Shukla Yajur Veda Siksha,https://drive.google.com/file/d/1gVYUhtNBkbfwi5lNaUak44CI_dAY5R7u/view?usp=drivesdk,Devanagari,,,47
Galadrik Siksha,Shukla Yajur Veda Siksha,https://drive.google.com/file/d/1QxdANo_EGzmOlcbyoSBFuPo7ZJkICFfG/view?usp=drivesdk,Devanagari,,,48
Kanva Siksha,Shukla Yajur Veda Siksha,https://drive.google.com/file/d/1lm3EFiCIq685ZnmMGbPppLvSxIWLPcBC/view?usp=drivesdk,Devanagari,,,49
Katyayana Siksha,Shukla Yajur Veda Siksha,https://drive.google.com/file/d/1T781CZ3x-Woen1-Q2ZNN3k5kOX7aVB96/view?usp=drivesdk,Devanagari,,,50
Katyayani Siksha,Shukla Yajur Veda Siksha,https://drive.google.com/file/d/1BovvlrhoYUcjUlYoy1G4lqSZKO667JxV/view?usp=drivesdk,Devanagari,,,51
Keshaviya Siksha,Shukla Yajur Veda Siksha,https://drive.google.com/file/d/1xmqRiol4JV0r4SyCXHdtDZBQhraJ39Q0/view?usp=drivesdk,Devanagari,,,52
Kaushiki Siksha,Shukla Yajur Veda Siksha,https://drive.google.com/file/d/1kpg-m76s8YxLQGs8w5SkiEIgmPPLPaxR/view?usp=drivesdk,Devanagari,,,53
Madhyandiniya Siksha,Shukla Yajur Veda Siksha,https://drive.google.com/file/d/1By4nClzQGkQPtNBC-BJ6cc-CUvehH6y-/view?usp=drivesdk,Devanagari,,,54
Laghumadhyandiniya Siksha,Shukla Yajur Veda Siksha,https://drive.google.com/file/d/16EBj9VMx7oen_84ifGL9OxNb-90nDq_B/view?usp=drivesdk,Devanagari,,,55
Parashariya Siksha,Shukla Yajur Veda Siksha,https://drive.google.com/file/d/1kgZk5vc420I159UnU9ZUXUxDxH2RZISQ/view?usp=drivesdk,Devanagari,,,56
Pratishakhyapradipa Siksha,Shukla Yajur Veda Siksha,https://drive.google.com/file/d/1VTyDahbmysz6J5RJ50KShL19fiiQrgkJ/view?usp=drivesdk,Devanagari,,,57
Manahsvara Siksha,Shukla Yajur Veda Siksha,https://drive.google.com/file/d/1RSJ6v6i1Uevxlzf1DjKm7BAizAs_0mWc/view?usp=drivesdk,Devanagari,,,58
Mallasarma Siksha,Shukla Yajur Veda Siksha,https://drive.google.com/file/d/1TZNMCyIMmqmGg0OOodF7_xIFQOY7a2uc/view?usp=drivesdk,Devanagari,,,59
Mandavya Siksha,Shukla Yajur Veda Siksha,https://drive.google.com/file/d/1jRoKup0NBadN7lFb4CwOmYvVoHyM4Wo1/view?usp=drivesdk,Devanagari,,,60
Yajnavalkya Siksha,Shukla Yajur Veda Siksha,https://drive.google.com/file/d/1PDPdjqSq0V08WkG6_t-Cafmvy3J0HQeW/view?usp=drivesdk,Devanagari,,,61
Vasishthi Siksha,Shukla Yajur Veda Siksha,https://drive.google.com/file/d/16GEFrMTzvc5ZZIbrtO6gBXPWI-i2UirM/view?usp=drivesdk,Devanagari,,,62
Vedaparibhasasutra Siksha,Shukla Yajur Veda Siksha,https://drive.google.com/file/d/16fOhk4EDwKD1w_tKZsVGx2hhVviHl63s/view?usp=drivesdk,Devanagari,,,63
Vedaparibhasakarika Siksha,Shukla Yajur Veda Siksha,https://drive.google.com/file/d/1GWP6IdkLb4JWMzJrE9aus_IfygubzEn8/view?usp=drivesdk,Devanagari,,,64
Shodashashloki Siksha,Shukla Yajur Veda Siksha,https://drive.google.com/file/d/1uT7AmVkmgHEabZld114mHpH9TH7wMJYm/view?usp=drivesdk,Devanagari,,,65
Svarashtaka Siksha,Shukla Yajur Veda Siksha,https://drive.google.com/file/d/1KcETLhwuGk_a5sycGaW6g4i1SBBD0GI-/view?usp=drivesdk,Devanagari,,,66
Padakarikaratnamala,Shukla Yajur Veda Siksha,https://drive.google.com/file/d/1SK1JvguTW0OhlmyqUzQpenN5rnunBT1a/view?usp=drivesdk,Devanagari,,,67
Pratijna Sutram,Shukla Yajur Veda Siksha,https://drive.google.com/file/d/1jIE31KzMoHY_Oqnkq43uSGyokaHR7hq7/view?usp=drivesdk,Devanagari,,,68
Atreya Siksha (Hamburg),Krishna Yahur Ved Siksha,https://drive.google.com/file/d/1KwLp4Ov2iYHAAfQwOo35zxg-3jczmuHR/view?usp=drivesdk,Devanagari,,,69
Atreya Siksha (Chandigarh),Krishna Yahur Ved Siksha,https://drive.google.com/file/d/1DnlnuuXALdQ28rhy8ygOt4cyZ4FLNNRa/view?usp=drivesdk,Devanagari,,,70
Atreya Siksha (Madras),Krishna Yahur Ved Siksha,https://drive.google.com/file/d/1XOq5l1FVoa2TWVO8v7oghAZ8hcN5idPW/view?usp=drivesdk,Devanagari,,,71
Apishali Siksha,Krishna Yahur Ved Siksha,https://drive.google.com/file/d/1_O10_LZagH9_DyyOgM9Djl3u3v6iQbtJ/view?usp=drivesdk,Devanagari,,,72
Aryana Siksha,Krishna Yahur Ved Siksha,https://drive.google.com/file/d/1xCcmJsxNDaxk_fyKiYq8WM-2y0z2t_1Z/view?usp=drivesdk,Devanagari,,,73
Kalanirnya Siksha,Krishna Yahur Ved Siksha,https://drive.google.com/file/d/1d_jGOU8tYH_QjjIBAL1V8cKhVb1jpBmM/view?usp=drivesdk,Devanagari,,,74
Kaundinya Siksha (Hyderabad),Krishna Yahur Ved Siksha,https://drive.google.com/file/d/1QOTGuilNaKlgCWMOIAo3NUCKF-OdR5Td/view?usp=drivesdk,Devanagari,,,75
Kaundinya Siksha (Mysore),Krishna Yahur Ved Siksha,https://drive.google.com/file/d/1DnOEn-iJXXYBoJwhpsQ6mEkBL4mXN2Up/view?usp=drivesdk,Devanagari,,,76
Kauhaliya Siksha,Krishna Yahur Ved Siksha,https://drive.google.com/file/d/10UkMs55rkiumdQhkYhQwp-Av0D01cCRX/view?usp=drivesdk,Devanagari,,,77
Carayaniya Siksha,Krishna Yahur Ved Siksha,https://drive.google.com/file/d/1OAkIJyqDPgM3fad9MR7YQCb3PVzo3LED/view?usp=drivesdk,Devanagari,,,78
Bharadvaja Siksha,Krishna Yahur Ved Siksha,https://drive.google.com/file/d/1hu9fBE4NAfXMTmOR52ooATuTIhMit8Gp/view?usp=drivesdk,Devanagari,,,79
Pari Siksha,Krishna Yahur Ved Siksha,https://drive.google.com/file/d/1TNgqHD-22CBZJbbSZCSByMOD2-fGiMzv/view?usp=drivesdk,Devanagari,,,80
Lakshmikanta Siksha,Krishna Yahur Ved Siksha,https://drive.google.com/file/d/1Aq0iKmwiMQaE7FfrtiAqiISNCUwnn4mV/view?usp=drivesdk,Devanagari,,,81
Lakshmikanta Siksha 2,Krishna Yahur Ved Siksha,https://drive.google.com/file/d/1tA9fA4lO-3MlPNauzYAm77kjY2bkD2_H/view?usp=drivesdk,Devanagari,,,82
Laugakshi Siksha,Krishna Yahur Ved Siksha,https://drive.google.com/file/d/19DLjGoYskZsEMIKDEkmhr-wXqUNrR10b/view?usp=drivesdk,Devanagari,,,83
Vararuci Siksha,Krishna Yahur Ved Siksha,https://drive.google.com/file/d/1ax-OleXQI84iQzJZxkLwnapnJ2pOiPoP/view?usp=drivesdk,Devanagari,,,84
Vasishtha Siksha (Tirupati),Krishna Yahur Ved Siksha,https://drive.google.com/file/d/1XewMbtza0o44kvGRtu4QQtsRPtluI9A7/view?usp=drivesdk,Devanagari,,,85
Vasishtha Siksha,Krishna Yahur Ved Siksha,https://drive.google.com/file/d/1tMt1Gu__X4LgW7AGoCNCOnVbDwCqr8Tp/view?usp=drivesdk,Devanagari,,,86
Veda Siksha,Krishna Yahur Ved Siksha,https://drive.google.com/file/d/1v3gUWLGFR7gdPx6P5kqJ3TGusyJ-1Bxo/view?usp=drivesdk,Devanagari,,,87
Vyasa Siksha,Krishna Yahur Ved Siksha,https://drive.google.com/file/d/1oCzgLFOpYIlyQuTRl9_aYCUNi604LPK2/view?usp=drivesdk,Devanagari,,,88
Shambhu Siksha,Krishna Yahur Ved Siksha,https://drive.google.com/file/d/1vORGUvsnQVfBpSqmZXxJJQm2yHkJxIMg/view?usp=drivesdk,Devanagari,,,89
Syamayaniya Siksha,Krishna Yahur Ved Siksha,https://drive.google.com/file/d/1EXyTTqBz_NgQsjKw8tEYrAig9Pt1St9T/view?usp=drivesdk,Devanagari,,,90
Sarvasammata Siksha,Krishna Yahur Ved Siksha,https://drive.google.com/file/d/13EmUTMxZyQuM68BV796R89RPvuTA-zNY/view?usp=drivesdk,Devanagari,,,91
Siddhanta Siksha,Krishna Yahur Ved Siksha,https://drive.google.com/file/d/1Q5rx_mXCfCS4DUuuObRJplr9BDmkF5YN/view?usp=drivesdk,Devanagari,,,92
Svara Siksha,Krishna Yahur Ved Siksha,https://drive.google.com/file/d/18dW8fIWiu45PVpe_wEABM4BiRbq7TuXw/view?usp=drivesdk,Devanagari,,,93
Svarasarabhutavarnakrama Siksha,Krishna Yahur Ved Siksha,https://drive.google.com/file/d/1SwyEV-c3uFZmxTMEuFF5Mk1ax0ENtEVf/view?usp=drivesdk,Devanagari,,,94
Antanirdesa,Krishna Yahur Ved Siksha,https://drive.google.com/file/d/14zesV96HXdsYxqqgcxK-p6vJylJM5_GB/view?usp=drivesdk,Devanagari,,,95
Arunasamanam,Krishna Yahur Ved Siksha,https://drive.google.com/file/d/1OvsWxznmXF1WkpWJzrjiTk2_sq-lD1gf/view?usp=drivesdk,Devanagari,,,96
Ardhantyam,Krishna Yahur Ved Siksha,https://drive.google.com/file/d/1iZhTbeDAWDy3DkjKLB8mZYrtQlsTt4kY/view?usp=drivesdk,Devanagari,,,97
Ingya Ratnam,Krishna Yahur Ved Siksha,https://drive.google.com/file/d/1yRGfQQW4zo5BD1zBrODM-98cQvvgtqwX/view?usp=drivesdk,Devanagari,,,98
Uccodarki,Krishna Yahur Ved Siksha,https://drive.google.com/file/d/1UmMOWkhbq1NjzMX1qVE73upxRShSb4Im/view?usp=drivesdk,Devanagari,,,99
Kampa Sutra,Krishna Yahur Ved Siksha,https://drive.google.com/file/d/1lWkEXpq-2f5SxHXlsD20vapVtuqtkO9Z/view?usp=drivesdk,Devanagari,,,100
Jatamani,Krishna Yahur Ved Siksha,https://drive.google.com/file/d/1PmwByWElhMz6cKRoeJdhdA1evVx9Sy6O/view?usp=drivesdk,Devanagari,,,101
Jatavalli,Krishna Yahur Ved Siksha,https://drive.google.com/file/d/1CvopoRvmob-djcqYVYk7ipzWHpDxuh9S/view?usp=drivesdk,Devanagari,,,102
Jata Siddhanta Candrika,Krishna Yahur Ved Siksha,https://drive.google.com/file/d/1XRoSDiruS249J4WJd32DfeTEFe_Je0kd/view?usp=drivesdk,Devanagari,,,103
trikarma Lakshnam,Krishna Yahur Ved Siksha,https://drive.google.com/file/d/1dYl3PZL8capBzK2M-tsUUGK2o2Vsju0Z/view?usp=drivesdk,Devanagari,,,104
Naradabaith,Krishna Yahur Ved Siksha,https://drive.google.com/file/d/1tI27CEAzal8CdMHIV9ccZSJPxypdfZI7/view?usp=drivesdk,Devanagari,,,105
Naradabhaith Vyakhya,Krishna Yahur Ved Siksha,https://drive.google.com/file/d/1tmhnv62ZO1cd04XsgY8fpta9gRWDElbX/view?usp=drivesdk,Devanagari,,,106
Pranava Vicara,Krishna Yahur Ved Siksha,https://drive.google.com/file/d/1scD47YYSGj-7f7VdoEZzQ11Jk5tx6v8P/view?usp=drivesdk,Devanagari,,,107
Yanadesadirghinisedhah,Krishna Yahur Ved Siksha,https://drive.google.com/file/d/1Ww2RsF3PPOzPdWNpKUkF8jWD7xQ5F9h-/view?usp=drivesdk,Devanagari,,,108
Yamapatti,Krishna Yahur Ved Siksha,https://drive.google.com/file/d/18D3seQuZ2Hg1W1QBdGthbU94pclu4ERZ/view?usp=drivesdk,Devanagari,,,109
Yohiprapti Siksha,Krishna Yahur Ved Siksha,https://drive.google.com/file/d/1yoLxHKIG_SOoM2UK2aR8KuJuqaWOX1tN/view?usp=drivesdk,Devanagari,,,110
Yohi Bhasya of Suribhatta,Krishna Yahur Ved Siksha,https://drive.google.com/file/d/1eYpBUbbuVJkYt8W4stzlBplsnKXrtMon/view?usp=drivesdk,Devanagari,,,111
Ravanabaith,Krishna Yahur Ved Siksha,https://drive.google.com/file/d/13AyryEA3Lo2WpvQjdcWMyLjmDRkZ9bKN/view?usp=drivesdk,Devanagari,,,112
Ravanabaith Paribhasa,Krishna Yahur Ved Siksha,https://drive.google.com/file/d/1-GOd1308dDsNi8lTkY4clv0dAf9ozhhr/view?usp=drivesdk,Devanagari,,,113
Varnakramalaksana,Krishna Yahur Ved Siksha,https://drive.google.com/file/d/1UZcDaPruKy6ZbLe4_eTHXmsxn37jrQOe/view?usp=drivesdk,Devanagari,,,114
Visarjaniya Laksanam,Krishna Yahur Ved Siksha,https://drive.google.com/file/d/1orMokZBGGCiOlcdxLpRhsATfrkI1BUwW/view?usp=drivesdk,Devanagari,,,115
Vaidyanatha Baith,Krishna Yahur Ved Siksha,https://drive.google.com/file/d/1oAeBhono5U9BdUs-s1kgdapzoVfsJWFX/view?usp=drivesdk,Devanagari,,,116
Sadvimsati Sutra,Krishna Yahur Ved Siksha,https://drive.google.com/file/d/1YEQrUWpT4oYEM1I7MCoSXh75bsQTY0-P/view?usp=drivesdk,Devanagari,,,117
Svara Panchasat,Krishna Yahur Ved Siksha,https://drive.google.com/file/d/1S01P9bPFZAJ2KEzQtv70ESxwFcCARZnV/view?usp=drivesdk,Devanagari,,,118
Svarasamparki Savyakhyana,Krishna Yahur Ved Siksha,https://drive.google.com/file/d/1tCoflIDqHLBxSHfUDapuIoEuv-Fct_2C/view?usp=drivesdk,Devanagari,,,119
Svaravadhanalaksana,Krishna Yahur Ved Siksha,https://drive.google.com/file/d/1xEzEEPCKMY9dEXdhNRbCxUSR6VTm586p/view?usp=drivesdk,Devanagari,,,120
Naradiya Siksha,Sama Veda Siksha,https://drive.google.com/file/d/1kqxc1Ws9Hl3_wbhHiR1dgEc-gNMXOxAL/view?usp=drivesdk,Devanagari,,,121
Lomashiya Siksha,Atharva veda Siksha,https://drive.google.com/file/d/1WIzic5wZ4wHWKe4pnkZymJrnoEBXKgSG/view?usp=drivesdk,Devanagari,,,122
Gautamiya Siksha,General Siksha,https://drive.google.com/file/d/1NIXgoXoqLHBVr9bircxqYx58GAyGl1hR/view?usp=drivesdk,Devanagari,,,123
Manduki Siksha,General Siksha,https://drive.google.com/file/d/1MpAhAbxySi5ar0xKj3Tih2U7helb5ZuZ/view?usp=drivesdk,Devanagari,,,124
Paniniya Siksha,Sama Ved Upasiksha,https://drive.google.com/file/d/11H1usEB3K1uqHAUdeoAgasPfb3Hvk90E/view?usp=drivesdk,Devanagari,,,125
Varna Siksha,Sama Ved Upasiksha,https://drive.google.com/file/d/16qRgZRGu2hwYgTYzVlqEtmE1a0fbvK5b/view?usp=drivesdk,Devanagari,,,126
Stobhapada Laksanam,Sama Ved Upasiksha,https://drive.google.com/file/d/1Kmd9iw9fzP7r1Jes82Mse6rRkzJTPzTW/view?usp=drivesdk,Devanagari,,,127
Samalaksana Dipika,Sama Ved Upasiksha,https://drive.google.com/file/d/1glkyu3fIG6IehzT6ZcdSRCcFUw792woU/view?usp=drivesdk,Devanagari,,,128
Atharvavediya Dantyoṣhṭavidhi,Atharva Veda Upasiksha,https://drive.google.com/file/d/126l2b_wNwMaEf1QlZzRdH9-1y9f5dy5E/view?usp=drivesdk,Devanagari,,,129
Jaṭā Lakṣaṇam,General Upasiksha,https://drive.google.com/file/d/1nN5oGYzkxRmD9UeAJQBWGoz9ISSxJjxY/view?usp=drivesdk,Devanagari,,,130
Tṛtīya Saṁgraha,General Upasiksha,https://drive.google.com/file/d/1_U93iM7sihaoaD45q_Wf04jfOg5f5IpP/view?usp=drivesdk,Devanagari,,,131
Piṇḍalakṣaṇam,General Upasiksha,https://drive.google.com/file/d/1kOZ0CclyH-KebWj5lTxGToIFm-bWRsI6/view?usp=drivesdk,Devanagari,,,132
Vyakti Lakṣaṇam,General Upasiksha,https://drive.google.com/file/d/12x_m8dXpPawZIL4ne7emnLDG3pjF3Wc4/view?usp=drivesdk,Devanagari,,,133
Svarabhaktiviṣaya Lakṣaṇam,General Upasiksha,https://drive.google.com/file/d/1WYHkIxrcvD9Uyz7hJ4H-QJVN6TCMlqPY/view?usp=drivesdk,Devanagari,,,134
Varṇakrama Darpaṇa,General Upasiksha,https://drive.google.com/file/d/1NDB_2Xt3uaO2ZLFMUpW3yhjoYG0Bf6ZH/view?usp=drivesdk,Devanagari,,,135
Āshvalāyana-gṛihya-sūtra,Grihya Sutra,https://drive.google.com/file/d/1a9GwsK8WWTLsVL4DLQxp-Wea0SYM6qm_/view?usp=drivesdk,Devanagari,,,136
Khādira-gṛihya-sūtra (Drāhyāyaṇa),Grihya Sutra,https://drive.google.com/file/d/1oeZ6W5yQiB76L3iVg-U0fJ-dQ0FWPjHh/view?usp=drivesdk,Devanagari,,,137
Kāthaka-gṛihya-sūtra (Laugākshi),Grihya Sutra,https://drive.google.com/file/d/116EyaY0Q1JPPR7rnXXY0KUJ3HcxtvKnv/view?usp=drivesdk,Devanagari,,,138
Kaushītaka-gṛihya-sūtra,Grihya Sutra,https://drive.google.com/file/d/1KtTLtnLCOcjl_RRdHMHj4HvfYS_xsTx2/view?usp=drivesdk,Devanagari,,,139
Mānava-gṛihya-sūtra,Grihya Sutra,https://drive.google.com/file/d/1EwGc5519xwtYfkOWGu34aDRK6ygSSyqe/view?usp=drivesdk,Devanagari,,,140
Pāraskara-gṛihya-sūtra,Grihya Sutra,https://drive.google.com/file/d/1BnbS1qoMwdkGcmO_DaL9akiU03ObEkMd/view?usp=drivesdk,Devanagari,,,141
Baudhāyana-gṛihya-sūtra,Grihya Sutra,https://drive.google.com/file/d/1-1E33hEOOnGdR7i_fvlQ073sfIWi-hlb/view?usp=drivesdk,Devanagari,,,142
Kaushika-gṛihya-sūtra,Grihya Sutra,https://drive.google.com/file/d/1g4KKs45_ddiPPPpjzxaeU28kLKb2Zz16/view?usp=drivesdk,Devanagari,,,143
Hiraṇyakeshi-gṛihya-sūtra,Grihya Sutra,https://drive.google.com/file/d/1fh83Zc8lnn7D0OQLMvcgCRi7SqtKiG3d/view?usp=drivesdk,Devanagari,,,144
Vārāha-gṛihya-sūtra,Grihya Sutra,https://drive.google.com/file/d/1tY0zmV0jxSjSp17KdHT-mxk_1ZhLkVTb/view?usp=drivesdk,Devanagari,,,145
Gobhila-gṛihya-sūtra,Grihya Sutra,https://drive.google.com/file/d/1VU2GkkcUgEhVKm1vK2xDfsu4-knpGCcM/view?usp=drivesdk,Devanagari,,,146
Āgniveshya-gṛihya-sūtra,Grihya Sutra,https://drive.google.com/file/d/1jgedaGcZ9WeCkBI00UoSR2ZKHc9pS7T6/view?usp=drivesdk,Devanagari,,,147
Shāṅkayana-gṛihya-sūtra,Grihya Sutra,https://drive.google.com/file/d/1aAVWqA1GxUdtj7t5492nkovZfCfCrfOj/view?usp=drivesdk,Devanagari,,,148
Vādhūla-gṛihya-sūtra,Grihya Sutra,https://drive.google.com/file/d/1-hS60d_lUlTb23DlmIgvw6_k8L6xTwdP/view?usp=drivesdk,Devanagari,,,149
Jaimini-gṛihya-sūtra,Grihya Sutra,https://drive.google.com/file/d/1YeJyQRvL56TYbFBA3FOIVZxmggA4UEOk/view?usp=drivesdk,Devanagari,,,150
Bhāradvāja-gṛihya-sūtra,Grihya Sutra,https://drive.google.com/file/d/1Jjf8fgBXC13JB6g36wQ9trL_ezCFjqUP/view?usp=drivesdk,Devanagari,,,151
Āpastamba-gṛihya-sūtra,Grihya Sutra,https://drive.google.com/file/d/1PB6MZikj0ViqerZf9EyefAvTkgbsxMmS/view?usp=drivesdk,Devanagari,,,152
Vaikhānasa-gṛihya-sūtra,Grihya Sutra,https://drive.google.com/file/d/125d3I0qiqmcGlwZ4SEKkJBxYcpG3l5aU/view?usp=drivesdk,Devanagari,,,153
Kauthuma-gṛihya-sūtra,Grihya Sutra,https://drive.google.com/file/d/1x3A-JQliAd17gqLsoB_leOoyjp0X6VB0/view?usp=drivesdk,Devanagari,,,154
Shāṅkhāyana-shrauta-sūtra,Shrauta Sutra,https://drive.google.com/file/d/1hiBz6U_IQoLonkheFAmgSRQZ8aqvJTRn/view?usp=drivesdk,Devanagari,,,155
Āpastamba-shrauta-sūtra,Shrauta Sutra,https://drive.google.com/file/d/11QI_ub56MnTAUuT36_u23FQIxGXI1gmn/view?usp=drivesdk,Devanagari,,,156
Mashaka-shrauta-sūtra,Shrauta Sutra,https://drive.google.com/file/d/1hqMwP-nvc6xzV6Z6oZ-wci90aPBKhQWW/view?usp=drivesdk,Devanagari,,,157
Vaitāna-shrauta-sūtra,Shrauta Sutra,https://drive.google.com/file/d/1WW-Ftp7BlB6ngED5K7UgVGz6MEbD_Jk2/view?usp=drivesdk,Devanagari,,,158
Mānava-shrauta-sūtra,Shrauta Sutra,https://drive.google.com/file/d/1_WfuZYSuSOuNxZBmqAjVE_q2Wf4b_-7R/view?usp=drivesdk,Devanagari,,,159
Bharadvāja-shrauta-sūtra,Shrauta Sutra,https://drive.google.com/file/d/1UCx2oelV2Yts6ligvU06ddhwns3HjLwl/view?usp=drivesdk,Devanagari,,,160
Drāyāyana-shrauta-sūtra,Shrauta Sutra,https://drive.google.com/file/d/1ivkxyDg9EOsPw5rBTZWY-4pOOJRt8sWC/view?usp=drivesdk,Devanagari,,,161
Lātyāyana-shrauta-sūtra,Shrauta Sutra,https://drive.google.com/file/d/1hJyEqOR_LfccqaRCWD-0xQ0FZniy_9xG/view?usp=drivesdk,Devanagari,,,162
Vārāha-shrauta-sūtra,Shrauta Sutra,https://drive.google.com/file/d/1n71poUb_mGo5haYw4QvCKhlXviG8x6ru/view?usp=drivesdk,Devanagari,,,163
Āshvalāyana-shrauta-sūtra,Shrauta Sutra,https://drive.google.com/file/d/1Lh3U38_JFL1ZK_2EGXP1DllbMEu1fGW9/view?usp=drivesdk,Devanagari,,,164
Jaiminīya-shrauta-sūtra,Shrauta Sutra,https://drive.google.com/file/d/1SX-prypGCC60BkR1bU1E55UQT3uj9BWf/view?usp=drivesdk,Devanagari,,,165
Nidāna-shrauta-sūtra,Shrauta Sutra,https://drive.google.com/file/d/1mWANDjnmV1WOhPDgVhLz7Oe1jnpNoMGp/view?usp=drivesdk,Devanagari,,,166
Baudhāyana-shrauta-sūtra,Shrauta Sutra,https://drive.google.com/file/d/1EQq2tuESJYm37V3qmkYTcRDfcw5RxwXu/view?usp=drivesdk,Devanagari,,,167
Vaikhānasa-shrauta-sūtra,Shrauta Sutra,https://drive.google.com/file/d/1ZQ_pizIY0XKUX1vmT4fXiA_3gGcPzKv9/view?usp=drivesdk,Devanagari,,,168
Māitrāyaṇīya-shulba-sūtra,Shulba Sutra,https://drive.google.com/file/d/1jPdRl5SXL8VT-f6h5O9TmJU18o4nQXQi/view?usp=drivesdk,Devanagari,,,169
Hiraṇyakeshi-shulba-sūtra,Shulba Sutra,https://drive.google.com/file/d/1y9jPG5TJ4hdckvxusY3Ga4MUlMHU8HK8/view?usp=drivesdk,Devanagari,,,170
Baudhāyana-shulba-sūtra,Shulba Sutra,https://drive.google.com/file/d/12yXYFwbqfDHzT_15_MCF2mpVmFEzIwv7/view?usp=drivesdk,Devanagari,,,171
Mānava-shulba-sūtra,Shulba Sutra,https://drive.google.com/file/d/1tYw7eNMnGuxf9jUp2OFDivRTzwI0ijNb/view?usp=drivesdk,Devanagari,,,172
Āpastamba-shulba-sūtra,Shulba Sutra,https://drive.google.com/file/d/1cbW2pkHH2Zh6L6DnA_qjFJ1LZjCyKow-/view?usp=drivesdk,Devanagari,,,173
Kātyāyana-shulba-sūtra,Shulba Sutra,https://drive.google.com/file/d/1lKO2pIIMIh_CGH7jaXDRFi-a5FveUuTC/view?usp=drivesdk,Devanagari,,,174
Vishṇu-dharma-sūtra,Dharma Sutra,https://drive.google.com/file/d/1nE4kg1MfTF4bjEv56qVziCWo_3__Iekl/view?usp=drivesdk,Devanagari,,,175
Vasistha-dharma-sūtra,Dharma Sutra,https://drive.google.com/file/d/1aAD2Tid8eEy3P4BOeF5CtLVrH-oPX_Yn/view?usp=drivesdk,Devanagari,,,176
Āpastamba-dharma-sūtra,Dharma Sutra,https://drive.google.com/file/d/1R7CDcMWesV74aD_cAE2cps6SJMKo27_J/view?usp=drivesdk,Devanagari,,,177
Hiranyakeshi-dharma-sūtra,Dharma Sutra,https://drive.google.com/file/d/1GB30zKBXoa36yxfmI0kuUxUqtD_taJZH/view?usp=drivesdk,Devanagari,,,178
Gautama-dharma-sūtra,Dharma Sutra,https://drive.google.com/file/d/16B5ok_kWysL_eMKcsckTCzXeiJGq8fRh/view?usp=drivesdk,Devanagari,,,179
Vaikhānasa-dharma-sūtra,Dharma Sutra,https://drive.google.com/file/d/1CeqnxYwYwXyfqpUZEqEIwpMUTOMpDF13/view?usp=drivesdk,Devanagari,,,180
Baudhāyana-dharma-sūtra,Dharma Sutra,https://drive.google.com/file/d/13Kv0K0c7xsMpSNOwGpZpfEziiEQlOOms/view?usp=drivesdk,Devanagari,,,181
Bṛhat Pārāshara Horā Shāstra,Jyotisha,https://drive.google.com/file/d/1CZaFmWCFzoztEoB-vnFw2t3xGgNIrEXs/view?usp=drivesdk,Devanagari,,,182
Muhūrtachintāmaṇi,Jyotisha,https://drive.google.com/file/d/1D_pH60IGzD0PFEVnQCoRPolkvIqkoH7W/view?usp=drivesdk,Devanagari,,,183
Sūrya Siddhānta,Jyotisha,https://drive.google.com/file/d/1PerIErG8sToAy6gh1LOfbqsYaljiupyB/view?usp=drivesdk,Devanagari,,,184
Shatpañchāshikā,Jyotisha,https://drive.google.com/file/d/1Zxf9wavTFgJqEEizPg7zDQ7USETcrZfS/view?usp=drivesdk,Devanagari,,,185
Nirukta,Nirukta,https://drive.google.com/file/d/1jMX_aSp8CPXnXwly_XH35KNhZltwSGrf/view?usp=drivesdk,Devanagari,,,186
Darshana,Darshana,https://drive.google.com/file/d/1ChSH1HQMtoZtaR5e0RI78k_fOM9FPPCY/view?usp=drivesdk,Devanagari,,,187
Vaisheshika,Vaisheshika,https://drive.google.com/file/d/1C_wZYWzQnmZW0ox0l6IHfkXvVf0OCmRk/view?usp=drivesdk,Devanagari,,,188
Nyaya,Nyaya,https://drive.google.com/file/d/1wTWMPEf4VnnPN4-ymga6iNyWbJ7cWPRE/view?usp=drivesdk,Devanagari,,,189
Samkhya,Samkhya,https://drive.google.com/file/d/1qqJiMFsIYwkLKzhIbTCLsCBbm9cbwhLx/view?usp=drivesdk,Devanagari,,,190
Vedanta,Vedanta,https://drive.google.com/file/d/1unZt5CQqb9AmI59agwnXIScXqTqd8dmt/view?usp=drivesdk,Devanagari,,,191
Karma Mimansa,Karma Mimansa,https://drive.google.com/file/d/14zxae-dMzr_4o2fVUy-slBjfP2QouI24/view?usp=drivesdk,Devanagari,,,192
Bhagavad Gita,Yoga,https://drive.google.com/file/d/1TRSgAePEYstPFwgQYH4WRw_V8SF6lxKp/view?usp=drivesdk,Devanagari,,,193
Shiva Sutra,Yoga,https://drive.google.com/file/d/1D2hRHpCqaK_8fQP1Nh9_hmqv3L7UyoGu/view?usp=drivesdk,Devanagari,,,194
Shiva Samhita,Yoga,https://drive.google.com/file/d/1fkRFO4Srpbhuw74-70Fds1nhhDqSri9k/view?usp=drivesdk,Devanagari,,,195
Vigyana Bhairava,Yoga,https://drive.google.com/file/d/11y9SD_CBA-LkYjqQj9Npt_LgStzzJmz2/view?usp=drivesdk,Devanagari,,,196
Gheranda Samhita,Yoga,https://drive.google.com/file/d/12LYJT0ydVZ2McjhW4l1UUXeBDIqI-NQB/view?usp=drivesdk,Devanagari,,,197
Hatha Yoga Pradipika,Yoga,https://drive.google.com/file/d/17b_iWvsfhrgidTMtOnOdtrvWd-5SWNIz/view?usp=drivesdk,Devanagari,,,198
Nāṭya Shāstra,Gandharva Veda,https://drive.google.com/file/d/1bfjeHeCe_7sq8awarjO6EuSI0LdA7kG5/view?usp=drivesdk,Devanagari,,,199
Saṁgīta Ratnākara by Shārṅgadeva,Dhanur Veda,https://drive.google.com/file/d/15LMgAcCcpcA_vdwNKV1h4xLF2IHai646/view?usp=drivesdk,Devanagari,,,200
Vasiṣhṭha Dhanur Veda,Dhanur Veda,https://drive.google.com/file/d/1Kkcue3wQ6s7QoqzlZ6CfKWbQxG5eQoZf/view?usp=drivesdk,Devanagari,,,201
Śhiva Dhanur Veda of Maharshi Śhārṅgadhara,Dhanur Veda,https://drive.google.com/file/d/1KCix8mhyAL9j13-cmM_wu7JL0pL9wb7T/view?usp=drivesdk,Devanagari,,,202
Nīti Prakāśhika of Maharshi Vaiśhampāyana,Sthapatya Veda,https://drive.google.com/file/d/13kNNjYGjpjevrrBR2lnkNteHKiYf0vBX/view?usp=drivesdk,Devanagari,,,203
Mānasāra,Sthapatya Veda,https://drive.google.com/file/d/1pzpthHQmzFCELBX6aAFCdsWxa9pwUBcn/view?usp=drivesdk,Devanagari,,,204
Mayamatam,Sthapatya Veda,https://drive.google.com/file/d/11hCa55rs-u0sQI5YUU-woDjT1rWZglSb/view?usp=drivesdk,Devanagari,,,205
Vishvakarma Vāstu Shāstra,Sthapatya Veda,https://drive.google.com/file/d/1ViKGnfEgKh8gAynQR8w84TfFZG1Shpxs/view?usp=drivesdk,Devanagari,,,206
Manushyālaya Chandrikā,Sthapatya Veda,https://drive.google.com/file/d/1j5YADh4J8BwJcOVrc1c7b1gdOFujjiFA/view?usp=drivesdk,Devanagari,,,207
Aṁshumadbheda Vāstu Shāstra (Kāshyapa Shilpa Shāstra),Sthapatya Veda,https://drive.google.com/file/d/1TMgVvB5HZCdSXxAXUClbDCHDOFhG5ZQN/view?usp=drivesdk,Devanagari,,,208
Samarāṅgaṇa Sutradhāra,Sthapatya Veda,https://drive.google.com/file/d/1vrkolt0BnBvKIJCS5XnDnqOnV2KeTlnY/view?usp=drivesdk,Devanagari,,,209
Vāstusūtra Upanishad,Sthapatya Veda,https://drive.google.com/file/d/1GJnn_n_AMxqR3XzdmsIZlnOd5cfOZ7hP/view?usp=drivesdk,Devanagari,,,210
Sūtrasthānam,Kashyap Samhita,https://drive.google.com/file/d/1vMGsU_Q6iaQnfhZSZXzMzU0BTUd1zQpL/view?usp=drivesdk,Devanagari,,,211
Vimānasthānam,Kashyap Samhita,https://drive.google.com/file/d/1bsB3NgxU607N3qexqtJJj9W6LPnFfBao/view?usp=drivesdk,Devanagari,,,212
Shārīrasthānam,Kashyap Samhita,https://drive.google.com/file/d/1JhGuZc5X_23BsW6lwAnLWZMxcjGoC47w/view?usp=drivesdk,Devanagari,,,213
Indriyrasthānam,Kashyap Samhita,https://drive.google.com/file/d/1W30sAUFpxMEF_Y-wdR6W36H5xpzvGFE5/view?usp=drivesdk,Devanagari,,,214
Chikitsāsthānam,Kashyap Samhita,https://drive.google.com/file/d/1m_hD2zvRV2fKSnjel928X9QQzY8F7VoD/view?usp=drivesdk,Devanagari,,,215
Siddhisthānam,Kashyap Samhita,https://drive.google.com/file/d/19PeYLZCCxyhZVf7g20OpLLaDLqHswshA/view?usp=drivesdk,Devanagari,,,216
Kalpasthānam,Kashyap Samhita,https://drive.google.com/file/d/1g40gJBCfXKkRczU7yV8VqFqrZzBLEOZR/view?usp=drivesdk,Devanagari,,,217
Khilasthānam,Kashyap Samhita,https://drive.google.com/file/d/1HyD9iQfvUaoyiMwi7QQLzPd1rDizLc7D/view?usp=drivesdk,Devanagari,,,218
Sūtrasthānam,Bhel Samhita,https://drive.google.com/file/d/1eT6EWq9AnngxYi00QsLr-79-5KoeVRXr/view?usp=drivesdk,Devanagari,,,219
Nidānasthānam,Bhel Samhita,https://drive.google.com/file/d/1m8oIHFNRX_5uD1sMAWYkUGW8Alm_uI-D/view?usp=drivesdk,Devanagari,,,220
Vimānasthānam,Bhel Samhita,https://drive.google.com/file/d/1T0KzvzUcHsn_ANtrRwH_3VW8GG5hSqPw/view?usp=drivesdk,Devanagari,,,221
Shārīrasthānam,Bhel Samhita,https://drive.google.com/file/d/1D6DgFymxQJGi2_ACNjHumm4a_s-CHW7y/view?usp=drivesdk,Devanagari,,,222
Indriyrasthānam,Bhel Samhita,https://drive.google.com/file/d/1U7xtL4zHZDzmQPrLYi3baDYyqv-k0AU4/view?usp=drivesdk,Devanagari,,,223
Chikitsāsthānam,Bhel Samhita,https://drive.google.com/file/d/1h4ixWOcFmcXFIF3fLoGR6kipGqPAlWFL/view?usp=drivesdk,Devanagari,,,224
Kalpasthānam,Bhel Samhita,https://drive.google.com/file/d/1SpQy1xJSZP-otDk4KWr6aiRMB6evXlvR/view?usp=drivesdk,Devanagari,,,225
Siddhisthānam,Bhel Samhita,https://drive.google.com/file/d/1zl3hvJDIxg4iP7rSmOHeumTDbzpEjmHW/view?usp=drivesdk,Devanagari,,,226
Prathamasthānam,Harita Samhita,https://drive.google.com/file/d/1Jbyc9scKeoPtSMMIYoGlO7kOnJbJFBQu/view?usp=drivesdk,Devanagari,,,227
Dvitīyasthānam,Harita Samhita,https://drive.google.com/file/d/18zs0CPnBgxzgKsPInIYdLCJ0d2tS90Wu/view?usp=drivesdk,Devanagari,,,228
Chikitsāsthānam,Harita Samhita,https://drive.google.com/file/d/1re-UVbTWAu1fYFDt7FqfcJ6eBvKPGZTB/view?usp=drivesdk,Devanagari,,,229
Sūtrasthānam,Harita Samhita,https://drive.google.com/file/d/1zydhT6M7ljmGImrIVHiQZUftaBcU51XS/view?usp=drivesdk,Devanagari,,,230
Kalpasthānam,Harita Samhita,https://drive.google.com/file/d/15-LdghJ_82wLkxwCEVgZoYhFh8DmRQgK/view?usp=drivesdk,Devanagari,,,231
Shārīrasthānam,Harita Samhita,https://drive.google.com/file/d/1G3EvX7dhuIPUMdkiQQlggOq1ckie70lK/view?usp=drivesdk,Devanagari,,,232
Sūtrasthānam,Vagbhatt Samhita,https://drive.google.com/file/d/1pIkMtle7HxUgUFLt42k2_GS98ycEBrtV/view?usp=drivesdk,Devanagari,,,233
Shārīrasthānam,Vagbhatt Samhita,https://drive.google.com/file/d/1enSdCvmSEdEkBsC_QejSlBQLkshJussB/view?usp=drivesdk,Devanagari,,,234
Nidānasthānam,Vagbhatt Samhita,https://drive.google.com/file/d/1w-KdwHIarbXaSC24lg40SGkwkH9gOgIg/view?usp=drivesdk,Devanagari,,,235
Chikitsāsthānam,Vagbhatt Samhita,https://drive.google.com/file/d/1ggiGtj-eNX9tR8jGDGe7mXI9FC2rt7Ar/view?usp=drivesdk,Devanagari,,,236
Kalpasthānam,Vagbhatt Samhita,https://drive.google.com/file/d/1M_ckq6O6otRWOuE8IvbsSQV55bj6EDOK/view?usp=drivesdk,Devanagari,,,237
Uttarasthānam,Vagbhatt Samhita,https://drive.google.com/file/d/1QeHZKGiAj9nUFLxpflXtYNdSv4GJ8qAZ/view?usp=drivesdk,Devanagari,,,238
Sūtrasthānam,Charaka Samhita,https://drive.google.com/file/d/1rYvjxH4e-gDWrVXkd4XeMGmUKzhI8ojj/view?usp=drivesdk,Devanagari,,,239
Nidānasthānam,Charaka Samhita,https://drive.google.com/file/d/1q8FNXJ1Ohq3Qe5RlnMkovqYn806pwqVE/view?usp=drivesdk,Devanagari,,,240
Vimānasthānam,Charaka Samhita,https://drive.google.com/file/d/1U4Lvs_UVWyMTKRSrpPDw0IXcBqLN8tzt/view?usp=drivesdk,Devanagari,,,241
Shārīrasthānam,Charaka Samhita,https://drive.google.com/file/d/1TKJGZzuZUiLEaA1dDzfhhZKawL3wClIm/view?usp=drivesdk,Devanagari,,,242
Indriyrasthānam,Charaka Samhita,https://drive.google.com/file/d/1BTKUQ78mNJcvnVcPOhyjqksU1E-fU5QB/view?usp=drivesdk,Devanagari,,,243
Chikitsāsthānam: Chapters 1-15,Charaka Samhita,https://drive.google.com/file/d/116HIY6wGXrUYlXtbjbnZPWEXTGPdTWSl/view?usp=drivesdk,Devanagari,,,244
Chikitsāsthānam: Chapters 16-30,Charaka Samhita,https://drive.google.com/file/d/1mEOVo84LoK6Myjt2wmhTNkpbSzhZV_I9/view?usp=drivesdk,Devanagari,,,245
Kalpasthānam,Charaka Samhita,https://drive.google.com/file/d/1gKa1LltfgvMou6BaaX5HTtaLhdz3GWvm/view?usp=drivesdk,Devanagari,,,246
Siddhisthānam,Charaka Samhita,https://drive.google.com/file/d/1Wfc3U2v7OEdst7BbFYcTOk0eARQSmrNC/view?usp=drivesdk,Devanagari,,,247
Sūtrasthānam,Sushruta Samhita,https://drive.google.com/file/d/179rZ_G2nLxIRiOnhQlar_fWvZeg7XhIV/view?usp=drivesdk,Devanagari,,,248
Nidānasthānam,Sushruta Samhita,https://drive.google.com/file/d/1C3leGxA6zHdN0rJdmdKD6HuHwCfZf6_F/view?usp=drivesdk,Devanagari,,,249
Shārīrasthānam,Sushruta Samhita,https://drive.google.com/file/d/12O-5XimvsKLkE9WdeeEGHYxp58Nk3GgU/view?usp=drivesdk,Devanagari,,,250
Chikitsāsthānam,Sushruta Samhita,https://drive.google.com/file/d/1HKA4IRp_ZjL2gGyb5Sy4l5eBY6nY7kU9/view?usp=drivesdk,Devanagari,,,251
Kalpasthānam,Sushruta Samhita,https://drive.google.com/file/d/1D8YRluTzIw79ceSXCEEeF4pEXy03iPTS/view?usp=drivesdk,Devanagari,,,252
Uttara Tantra,Sushruta Samhita,https://drive.google.com/file/d/12G4TswlZbWpOkCZHoNud7N83wuc3qZuL/view?usp=drivesdk,Devanagari,,,253
Pūrva Khaṇḍam I,Bhava Prakash Samhita,https://drive.google.com/file/d/1G0D_GV_K11rFwnU-krxljBOA9Z5INBPE/view?usp=drivesdk,Devanagari,,,254
Bhāva Prakāsh Nighaṇtu,Bhava Prakash Samhita,https://drive.google.com/file/d/1spCYmoddfPBz0zKCHfsVC6wm1kM10JG2/view?usp=drivesdk,Devanagari,,,255
Pūrva Khaṇḍam II,Bhava Prakash Samhita,https://drive.google.com/file/d/1QWyKXuCfU7c0ECxb-btre8Q8zTbbFd1y/view?usp=drivesdk,Devanagari,,,256
Madhya Khaṇḍam,Bhava Prakash Samhita,https://drive.google.com/file/d/1WbjQS4mzhhBRSjcvpN0hXCxmpYVgug3f/view?usp=drivesdk,Devanagari,,,257
Uttara Khaṇḍam,Bhava Prakash Samhita,https://drive.google.com/file/d/1sQwDLQ3JL2u9-Ardmsz7cJ3h5dpNoUWu/view?usp=drivesdk,Devanagari,,,258
Prathama Khaṇda,Bhava Prakash Samhita,https://drive.google.com/file/d/1Sorx_1xwsxKEB3CoVTeNWLgXmkCje5P9/view?usp=drivesdk,Devanagari,,,259
Madhyama Khaṇda,Sharngadhar Samhita,https://drive.google.com/file/d/1jmUrmjIzUfbqHApZqB835vh4S4_hhM29/view?usp=drivesdk,Devanagari,,,260
Uttara Khaṇda,Sharngadhar Samhita,https://drive.google.com/file/d/1DXd5J34MQuxSd13qZu29VNlQnx_Am55Y/view?usp=drivesdk,Devanagari,,,261
Parishishtam Khaṇda,Sharngadhar Samhita,https://drive.google.com/file/d/1aEE5tGYETfQJzjnsonQZUTtxZP2HnVOV/view?usp=drivesdk,Devanagari,,,262
Madhava Nidan,Madhava Nidan Samhita,https://drive.google.com/file/d/1FJITWDf2sQnRs8EdK7_1AXg2nOz2NWhq/view?usp=drivesdk,Devanagari,,,263
Īshā Upanishad,Upanishad,https://drive.google.com/file/d/1IYYwxQRjKCXyjQQkYvQnWqUtNEz0CSSJ/view?usp=drivesdk,Devanagari,,,264
Kena Upanishad,Upanishad,https://drive.google.com/file/d/1ddSky7hK6cd_04gk1xxaZTsE5InVEEdP/view?usp=drivesdk,Devanagari,,,265
Katha Upanishad,Upanishad,https://drive.google.com/file/d/1GheYoMzQmAooiHoTBGwu-SmrOAW4wnkg/view?usp=drivesdk,Devanagari,,,266
Prashna Upanishad,Upanishad,https://drive.google.com/file/d/1HPlXt1xPBCKopaIl9UJXMd4dl45QbfoI/view?usp=drivesdk,Devanagari,,,267
Muṇdaka Upanishad,Upanishad,https://drive.google.com/file/d/1H4sJlJya6WU9AyRGpZbIBDye4iP01YJr/view?usp=drivesdk,Devanagari,,,268
Māṇdūkya Upanishad,Upanishad,https://drive.google.com/file/d/1SN8Dh7a4rfhKV5uCTnd1tWkUKoGty0kI/view?usp=drivesdk,Devanagari,,,269
Aitareya Upanishad,Upanishad,https://drive.google.com/file/d/1EB55UxArM2wUcMMj8rAVWBlfjkNVOsZ7/view?usp=drivesdk,Devanagari,,,270
Taittirīya Upanishad,Upanishad,https://drive.google.com/file/d/1GI6b4uEatDxhhNTdabh0BNJsiZA3BB1F/view?usp=drivesdk,Devanagari,,,271
Shwetāshwatara Upanishad,Upanishad,https://drive.google.com/file/d/14o8FzRR-g7wf83n9CK6mxaLfnkrem_Bo/view?usp=drivesdk,Devanagari,,,272
Chhāndogya Upanishad,Upanishad,https://drive.google.com/file/d/1fVk6qbbxyTkCWgxtwk85AZda5wQhyKPH/view?usp=drivesdk,Devanagari,,,273
Bṛihadāraṇyaka Upanishad,Upanishad,https://drive.google.com/file/d/1OQzdCq_JgGChiAGBq1DrXR6zo9mKOKD7/view?usp=drivesdk,Devanagari,,,274
Kaushitaki-brāhmaṇa Upanishad,Upanishad,https://drive.google.com/file/d/1T1babjYlhxV0ekbt7zplMzLcIXeeU-U4/view?usp=drivesdk,Devanagari,,,275
Jābāla Upanishad,Upanishad,https://drive.google.com/file/d/1AVSV3X1zdQubJ1feHlXk1tn0PRM5ItVz/view?usp=drivesdk,Devanagari,,,276
Mahānārāyana Upanishad,Upanishad,https://drive.google.com/file/d/196MNKgOgp-yKU_o9hAXkMedvXktUF1VF/view?usp=drivesdk,Devanagari,,,277
Paiṅgala Upanishad,Upanishad,https://drive.google.com/file/d/1K3-UcCYWNJALXzaEzhF8vcssXioHLhTH/view?usp=drivesdk,Devanagari,,,278
Jaiminīya Āraṇyak,Aranyaka,https://drive.google.com/file/d/1ZTYeUQQmWrYHDBN9lqpwkHNKVvN257HC/view?usp=drivesdk,Devanagari,,,279
Śhāṅkhāyana Āraṇyak,Aranyaka,https://drive.google.com/file/d/1O2mNPQUqF80ySyYb1g16tgl3UAhL2haP/view?usp=drivesdk,Devanagari,,,280
Chhāndogya Āraṇyak,Aranyaka,https://drive.google.com/file/d/1FY4A2RJA70arTs80V_Ho7FXyzsOEA9O4/view?usp=drivesdk,Devanagari,,,281
Maitrāyaṇiya Āraṇyak,Aranyaka,https://drive.google.com/file/d/13lpAFy2yOkjgbCJzCSb3jGYkhBRsT6Lm/view?usp=drivesdk,Devanagari,,,282
Aitareya Āraṇyak,Aranyaka,https://drive.google.com/file/d/1EGWQWgxV7lWofbIwIhRuS1aXh1R20Tts/view?usp=drivesdk,Devanagari,,,283
Taittiriya Āraṇyak,Aranyaka,https://drive.google.com/file/d/1_RcIGmF7s4EYnZPxaUkcrhsMBxdcdm_i/view?usp=drivesdk,Devanagari,,,284
Gopatha Brahmana,Brahmana,https://drive.google.com/file/d/1-_iIi0YBRFdH-lin3sTk3kBoRayUsW-c/view?usp=drivesdk,Devanagari,,,285
Vamsha Brahmana,Brahmana,https://drive.google.com/file/d/19mpdRH_4OQsUMCvsSSpmf2psf9uWeZoQ/view?usp=drivesdk,Devanagari,,,286
Chandogya Brahmana,Brahmana,https://drive.google.com/file/d/1ZLA1D5OzRtsAOFXzHmrDmVyYouI8FsP9/view?usp=drivesdk,Devanagari,,,287
Aitareya Brahmana,Brahmana,https://drive.google.com/file/d/1Scj-8E4LxL0biaKdUmc5cEzKnGkt7dy1/view?usp=drivesdk,Devanagari,,,288
Taittiriya Brahmana,Brahmana,https://drive.google.com/file/d/1XaYTuezug4zCRS0tEoQTf1NY9b8IS-bH/view?usp=drivesdk,Devanagari,,,289
Tandya Sadvimsa Brahmana,Brahmana,https://drive.google.com/file/d/1aOYPPuScbK-j8HDraYOz2xLn-2MlFvJZ/view?usp=drivesdk,Devanagari,,,290
Samhitopanishad Brahmana,Brahmana,https://drive.google.com/file/d/1XC0Zz1GjO6AzANVqXUUSKGhb_Y6hORXu/view?usp=drivesdk,Devanagari,,,291
Kathaka Brahmana,Brahmana,https://drive.google.com/file/d/14bTeoL1dCumcDpsbX21wi6T_ORy14Oie/view?usp=drivesdk,Devanagari,,,292
Brahma Purana,Brahma Purana,https://drive.google.com/file/d/1KU97wgdrWR7PpWp8Vq9UjdXRUo8kKxsP/view?usp=drivesdk,Devanagari,,,293
Svarga Khaṇḍam,Padma Purana,https://drive.google.com/file/d/119bC1jg6j47evujBP6cO8JZFz51UFspi/view?usp=drivesdk,Devanagari,,,294
Bhūmi Khaṇḍam,Padma Purana,https://drive.google.com/file/d/1kAHyPPS3LktSqRCItDjz30NUpGwgxpRE/view?usp=drivesdk,Devanagari,,,295
Sṛisthi Khaṇḍam,Padma Purana,https://drive.google.com/file/d/1to3JchRHdVmTd_ZUee8okUl4g8L2g-ti/view?usp=drivesdk,Devanagari,,,296
Brahma Khaṇḍam,Padma Purana,https://drive.google.com/file/d/1G5wTZD2xyEuu282m9oVnMuglZVP2aDWW/view?usp=drivesdk,Devanagari,,,297
Pātāla Khaṇḍam,Padma Purana,https://drive.google.com/file/d/1MJ8b-uxJicwMeEEJWymeE7uC6JVEMsCF/view?usp=drivesdk,Devanagari,,,298
Uttara Khaṇḍam,Padma Purana,https://drive.google.com/file/d/1Co2rjsjxKZvuvlV97QQ0gzJTiW9XUyxT/view?usp=drivesdk,Devanagari,,,299
Kriyā Khaṇḍam,Padma Purana,https://drive.google.com/file/d/1naC0HsAfOyai3TTcl0FaBUfhEEgwWeC0/view?usp=drivesdk,Devanagari,,,300
Vshnu Purana,Vishnu Purana,https://drive.google.com/file/d/1oEKCFpafQyR_K67sg7_Vit53Tav8MDjY/view?usp=drivesdk,Devanagari,,,301
Bhagavata Purana,Bhagavata Purana,https://drive.google.com/file/d/1vpbFm6njRYuA8kV6j1f4Yddn1R3vhgjf/view?usp=drivesdk,Devanagari,,,302
Nārada Purāṇam - Pūrva Bhāgam,Narada Purana,https://drive.google.com/file/d/1MLCPBVQnr_fB1jF7X9hL9cu3Kn4JCkeB/view?usp=drivesdk,Devanagari,,,303
Nārada Purāṇam - Uttara Bhāgam,Narada Purana,https://drive.google.com/file/d/1laxkukZaxqtPVYo0_BdQ6AUG_5Ad68i4/view?usp=drivesdk,Devanagari,,,304
Agni Purāṇam,Agni Purana,https://drive.google.com/file/d/16Eur8YT0w1zEJGH4-G9-E9Zj-JtYo5Ib/view?usp=drivesdk,Devanagari,,,305
Linga Purāṇam,Linga Purana,https://drive.google.com/file/d/1X-HVvmmqVhrJYBvNWrCorHsy1nXkgxe1/view?usp=drivesdk,Devanagari,,,306
Vāmana Purāṇam,Vamana Purana,https://drive.google.com/file/d/11jx0ybCjzEveFCdY8Lr96uv9OoinVpWf/view?usp=drivesdk,Devanagari,,,307
Matsya Purāṇam,Matsya Purana,https://drive.google.com/file/d/1LXug1sGPrpIaYHbdI5iyLVIbin5kU-22/view?usp=drivesdk,Devanagari,,,308
Brahmāṇḍa Purāṇam,Brahmanda Purana,https://drive.google.com/file/d/1oi3xGh5408KfJhOxyMh6VPYboxGo31RK/view?usp=drivesdk,Devanagari,,,309
Kūrma Purāṇam,Kurma Purana,https://drive.google.com/file/d/1pmjkSdG-aL7s-fznCb4yLU1YYiN28x-x/view?usp=drivesdk,Devanagari,,,310
Kedarkhandam,Maheshvara Khanda,https://drive.google.com/file/d/1cW_WGJusTdljBjtiOUw5CdUM7ChTqkkF/view?usp=drivesdk,Devanagari,,,311
Kaumarikakhandam,Maheshvara Khanda,https://drive.google.com/file/d/1VS-yncH5DUbsmSvbmyZ6kuTkYRi7OOOX/view?usp=drivesdk,Devanagari,,,312
Arunachalamahatmye Purvardham,Maheshvara Khanda,https://drive.google.com/file/d/1mKy3Btbc1pY6ByJdVyw3RRdaI-ulG0r1/view?usp=drivesdk,Devanagari,,,313
Arunachalamahatmye Uttarardham,Maheshvara Khanda,https://drive.google.com/file/d/1QeYEgIyYSRcb77s86nwA_oxBv4nEjiZl/view?usp=drivesdk,Devanagari,,,314
Vemkatachala Mahatmyam,Vaishnava Khanda,https://drive.google.com/file/d/1JklIk8KxSEnMB6f3UGY3-C-0wPVXzh5X/view?usp=drivesdk,Devanagari,,,315
Purushottama Jagannatha Mahatmyam,Vaishnava Khanda,https://drive.google.com/file/d/1z8vFc0Q8YaOoRTWKxf-bXdRiPtlpku6k/view?usp=drivesdk,Devanagari,,,316
Badarikasharma Mahatmyam,Vaishnava Khanda,https://drive.google.com/file/d/127Q7uaVFB5xNYkBAFDp6Y4uvDBitw18Q/view?usp=drivesdk,Devanagari,,,317
Kartikamasa Mahatmyam,Vaishnava Khanda,https://drive.google.com/file/d/1KwEuq7adnqmIKMgeL9VcnPFlq5j8bl0B/view?usp=drivesdk,Devanagari,,,318
Margashirashamasa Mahatmyam,Vaishnava Khanda,https://drive.google.com/file/d/1a9OZDNiqKKNcMNKQ9c8YddSFndl9CayJ/view?usp=drivesdk,Devanagari,,,319
Bhagavata Mahatmyam,Vaishnava Khanda,https://drive.google.com/file/d/1zR6WtSGuYrnGXwIL-BlP5fXm8h3pEZbq/view?usp=drivesdk,Devanagari,,,320
Vaishakha Masa Mahatmyam,Vaishnava Khanda,https://drive.google.com/file/d/1dpUXdxSx75tS43VwiIGRCdVYDZRZeM8n/view?usp=drivesdk,Devanagari,,,321
Ayodhya Mahatmyam,Vaishnava Khanda,https://drive.google.com/file/d/1dB_HjQH_tVceMiX71w2vlaaafoC9D6-f/view?usp=drivesdk,Devanagari,,,322
Vasudeva Mahatmyam,Vaishnava Khanda,https://drive.google.com/file/d/1XBgOFb9mjqp56eGTHmfWnW1erXV1o0ur/view?usp=drivesdk,Devanagari,,,323
Setu Mahatmyam,Brahma Khanda,https://drive.google.com/file/d/1im-VTBfn7_hx2JPEjPcu3DzfRfvLtTJy/view?usp=drivesdk,Devanagari,,,324
Dharmaranyakhandam,Brahma Khanda,https://drive.google.com/file/d/1Y5XvDTLLECNy0nySsY6HaRNmy15BqkSq/view?usp=drivesdk,Devanagari,,,325
Brahmottarakhandam,Brahma Khanda,https://drive.google.com/file/d/1Nh1KnhmVF7TmfBAU87O40mtKSYcLXCs9/view?usp=drivesdk,Devanagari,,,326
Kashi Khanda - Purvardham,Kashi Khanda,https://drive.google.com/file/d/14ccMCpViLIn9n6vOIh2ET7ICUWOWvXqF/view?usp=drivesdk,Devanagari,,,327
Kashi Khanda - Uttarardham,Kashi Khanda,https://drive.google.com/file/d/14oPBCz-3QcnErxeR38sg1P4ahEa6_B9X/view?usp=drivesdk,Devanagari,,,328
Avantyakshetramahatmyam,Avanti Khanda,https://drive.google.com/file/d/1Q4YCwVdydER2-TuELDIGZppNlRav9uPq/view?usp=drivesdk,Devanagari,,,329
Avantistha Caturashitilingamahatmyam,Avanti Khanda,https://drive.google.com/file/d/1AnmG9I_hUy7YGLGREEVw61SjmgCrQKDt/view?usp=drivesdk,Devanagari,,,330
Revakhandam,Nagara Khanda,https://drive.google.com/file/d/1w6Iq0nxLNbhNHYUqjEi_zInQ1QM-vkQD/view?usp=drivesdk,Devanagari,,,331
Ambika Khanda,Ambika Khanda,https://drive.google.com/file/d/1XWEab1OSRP8qTgaY9sFpY9n4_x4CtqhF/view?usp=drivesdk,Devanagari,,,332
Narasiṁha Purāṇa,Upapurana,https://drive.google.com/file/d/1YMxvFK0UCHKUIjBMyUB6NwAnt6aLzfr6/view?usp=drivesdk,Devanagari,,,333
Viṣṇudharma Purāṇa,Upapurana,https://drive.google.com/file/d/1wBcRFwmSx09SPBjbgFnWMIVJRnPEHBwb/view?usp=drivesdk,Devanagari,,,334
Nāndī Purāṇa,Upapurana,https://drive.google.com/file/d/1D3K2AD8wFv1vI-uuZk-zM6kfc3pB_8Gj/view?usp=drivesdk,Devanagari,,,335
Saura Purāṇa,Upapurana,https://drive.google.com/file/d/1zafT-la9in0VUOaNXIKABioctqWbH9ja/view?usp=drivesdk,Devanagari,,,336
Kapila Purāṇa,Upapurana,https://drive.google.com/file/d/1dRfcgF_8jw91-rP5QBSzo878sg0hWCTl/view?usp=drivesdk,Devanagari,,,337
Nīlamata Purāṇa,Upapurana,https://drive.google.com/file/d/1PEbCvL1N7coTalaZRm001J0UjqXLyL9r/view?usp=drivesdk,Devanagari,,,338
Devī Bhāgavata Purāṇa,Upapurana,https://drive.google.com/file/d/1GTfVF5Z10KwjipyYv41kdT0e_BiV0jR1/view?usp=drivesdk,Devanagari,,,339
Parāśaropa Purāṇa,Upapurana,https://drive.google.com/file/d/10TbSNVjtXLfva_jK8SIg43ZJGeEZ9ZxW/view?usp=drivesdk,Devanagari,,,340
Sāmba Purāṇa,Upapurana,https://drive.google.com/file/d/1w5cQQXoTCEOnMrG2VZau-QpgK5OjPX-3/view?usp=drivesdk,Devanagari,,,341
Śivadharma Purāṇa,Upapurana,https://drive.google.com/file/d/1BzHgC_7BCDF1PXX_sXO6At3TloeJoRRi/view?usp=drivesdk,Devanagari,,,342
Śivadharmottara Purāṇa,Upapurana,https://drive.google.com/file/d/1guwHdCkZaZvk7AeYqz-QrrttcbxeZmSk/view?usp=drivesdk,Devanagari,,,343
Vāruṇa Purāṇa,Upapurana,https://drive.google.com/file/d/1HjRTAggBQWu5U891gNynznEEcxuWTuiY/view?usp=drivesdk,Devanagari,,,344
Vishnu: Achyutashtakam,Stotram,https://drive.google.com/file/d/1wytxet8ICNKDCjvH_wlCOgBdCpqyPiCi/view?usp=drivesdk,Devanagari,,,345
Shiva: Lingashtakam,Stotram,https://drive.google.com/file/d/1YOz_VVOSu5zg1QhcFBZAVES5u0bo21v1/view?usp=drivesdk,Devanagari,,,346
Ganapati: Sankashtanashana Ganapati Stotram,Stotram,https://drive.google.com/file/d/1fPLcKZ9qpNiTsUW6MvQbTnj2M5dSAWal/view?usp=drivesdk,Devanagari,,,347
Surya: Suryamandalashtakam,Stotram,https://drive.google.com/file/d/1FlQqyJDMt23ytjvZYCtFiTMBibSx9r2y/view?usp=drivesdk,Devanagari,,,348
Devi: Mahalaksmyashtakam,Stotram,https://drive.google.com/file/d/17UQ_neMKbkoIYg1ia0JUnE1ksIk3q4nQ/view?usp=drivesdk,Devanagari,,,349
Vishnu Sahasranama,Stotram,https://drive.google.com/file/d/19FO7MlREXdvudQSCz_QqAKL1Sajv0_QG/view?usp=drivesdk,Devanagari,,,350
Shiva Sahasranama,Stotram,https://drive.google.com/file/d/1Hh3G3qBdTllVyWB7WubIZfOrmOCk0SEh/view?usp=drivesdk,Devanagari,,,351
Ganapati Sahasranama,Stotram,https://drive.google.com/file/d/17ec9wbCGUGvhYaOFYgNy9XTgxGZ9497E/view?usp=drivesdk,Devanagari,,,352
Surya Sahasranama,Stotram,https://drive.google.com/file/d/1pnF2CJw3pwG-_1zJeTnt-aigTnQG4NEX/view?usp=drivesdk,Devanagari,,,353
Lakshmi Sahasranama,Stotram,https://drive.google.com/file/d/1-cwDr0av7-Kp9wuIIrCqwZbSViP2ktd9/view?usp=drivesdk,Devanagari,,,354
Vishnu Ashtottar Shatnamavalu Stotram,Stotram,https://drive.google.com/file/d/1Dopixt4_x87OdbPPqxXa1G0VS7p4VOZm/view?usp=drivesdk,Devanagari,,,355
Rama Sahasranama,Stotram,https://drive.google.com/file/d/1uQzKz8DBqmZhEpCd0VEdyF3dtqchi5dv/view?usp=drivesdk,Devanagari,,,356
Guru Gita,Stotram,https://drive.google.com/file/d/11ckB-ocuWXY2BMqWd_wy7m89hFk_wiyq/view?usp=drivesdk,Devanagari,,,357
Durga Saptashati,Stotram,https://drive.google.com/file/d/1ahUjx5cbYgZgc7RQ5GEwsZAtMGJvmq2o/view?usp=drivesdk,Devanagari,,,358
Ganga Sahasranama,Stotram,https://drive.google.com/file/d/1rDYGbKb7Ubv95AcYA1EKmHXydXRHtEwQ/view?usp=drivesdk,Devanagari,,,359
Ganga Ashtak Stotram,Stotram,https://drive.google.com/file/d/1kddxunl3fOXtm2ZC6DiOEbUG-aJFfUrW/view?usp=drivesdk,Devanagari,,,360
Gayatri Sahasranama,Stotram,https://drive.google.com/file/d/1H6sHHw1JGniMv3YnvHwozJEY3dfjlU9i/view?usp=drivesdk,Devanagari,,,361
Gayatri Ashtak Stotram,Stotram,https://drive.google.com/file/d/1XVkE_meOQonc2ooXucejF7LU45f-tl_B/view?usp=drivesdk,Devanagari,,,362
Lalita Sahasranama,Stotram,https://drive.google.com/file/d/19qUYYVNlsQz-jF2BsX-xXoT6iv8F1E2y/view?usp=drivesdk,Devanagari,,,363
Sarasvati Sahasranama,Stotram,https://drive.google.com/file/d/1zz6epS-9vv7SPWcsyDvezTxgjmAdNgo-/view?usp=drivesdk,Devanagari,,,364
Sarasvati Ashtak Stotram,Stotram,https://drive.google.com/file/d/1n2J5sGg8fqnjZqrPShL8gmV7ywKvyf3R/view?usp=drivesdk,Devanagari,,,365
Durga Sahasranama,Stotram,https://drive.google.com/file/d/16_29J3wGtuHDaEs0gaV3VIxMNonlcwZg/view?usp=drivesdk,Devanagari,,,366
Durgashtakam,Stotram,https://drive.google.com/file/d/1YvxUrOHIQOF1g02mLS0BfYV4Ynp_bxS6/view?usp=drivesdk,Devanagari,,,367
Hanumat Stavan,Stotram,https://drive.google.com/file/d/1mt-Ebj1zOIqX2e7nG30qBDcPFOlbd0Dj/view?usp=drivesdk,Devanagari,,,368
Rama Raksha Stotram,Stotram,https://drive.google.com/file/d/1zeKvdDQoO-otQbW-hJdHwBcmON0Ko7PJ/view?usp=drivesdk,Devanagari,,,369
Devi Kavach,Stotram,https://drive.google.com/file/d/16DXmxwc1_0nlvycHR4ZeJJRV89i3LymZ/view?usp=drivesdk,Devanagari,,,370
Angirasa Smriti,Smriti,https://drive.google.com/file/d/13eNmDM6m5CdLQ18l5ClzqHjiKKkYHi-7/view?usp=drivesdk,Devanagari,,,371
Vyasa Smriti,Smriti,https://drive.google.com/file/d/1JGR0uIdrhPW1vjk0MV4PG2yFIhmB7LXz/view?usp=drivesdk,Devanagari,,,372
Apastamba Smriti,Smriti,https://drive.google.com/file/d/1MqU6EDcGOIjWGoUvd7GkywJ3k1Hboby9/view?usp=drivesdk,Devanagari,,,373
Daksha Smriti,Smriti,https://drive.google.com/file/d/1wVV1Ms3KuQ5Kb4NvFeU72U7o1qw6FHp3/view?usp=drivesdk,Devanagari,,,374
Vishnu Smriti,Smriti,https://drive.google.com/file/d/1oKazr7f_Bt8l1hG0m4_zD4MnQbKORLBL/view?usp=drivesdk,Devanagari,,,375
Yagyavalkya Smriti,Smriti,https://drive.google.com/file/d/1ZR1uTMVdNb8uqn0_F70NPIxvW0-V_1Bh/view?usp=drivesdk,Devanagari,,,376
Likhita Smriti,Smriti,https://drive.google.com/file/d/1PLtbK9w7z7gT0QJ6PdnN9DHq2ntTh8Mw/view?usp=drivesdk,Devanagari,,,377
Smavarta Smriti,Smriti,https://drive.google.com/file/d/18rEBuudiePDz2ncuQVX2ddlhXboGCIlT/view?usp=drivesdk,Devanagari,,,378
Shankha Smriti,Smriti,https://drive.google.com/file/d/1jFTWOBOE0SiCJdQxcWgkQ_xjdRPN3pRk/view?usp=drivesdk,Devanagari,,,379
Brihaspati Smriti,Smriti,https://drive.google.com/file/d/1BQbRlYuLZf0yl5YB3cTQK_qxmQFoa-3Y/view?usp=drivesdk,Devanagari,,,380
Atri Smriti,Smriti,https://drive.google.com/file/d/1bK2naaVDqjZeyEvNEoiqCln3nLONRvAm/view?usp=drivesdk,Devanagari,,,381
Katyayana Smriti,Smriti,https://drive.google.com/file/d/1z1Ck2W3k9YZF86_sjDYsjdKDFyy_9bWf/view?usp=drivesdk,Devanagari,,,382
Parashara Smriti,Smriti,https://drive.google.com/file/d/1HWA00fBEyo539NugnCfjLncCYVweyDec/view?usp=drivesdk,Devanagari,,,383
Manu Smriti,Smriti,https://drive.google.com/file/d/1DRB6upH1H-fI2bMKASol1pfdSNo-9PLG/view?usp=drivesdk,Devanagari,,,384
Aushanasa Smriti,Smriti,https://drive.google.com/file/d/1EXG1AA-9MCgq51wNeyzmq69OfdUqtA1H/view?usp=drivesdk,Devanagari,,,385
Harita Smriti,Smriti,https://drive.google.com/file/d/1uWveOsCSM9b-28Doel7XUVdq38WPFesT/view?usp=drivesdk,Devanagari,,,386
Gautama Smriti,Smriti,https://drive.google.com/file/d/1Rfe0lwWat1BGJtYWayN9A8cpwRcBIZVK/view?usp=drivesdk,Devanagari,,,387
Yama Smrti,Smriti,https://drive.google.com/file/d/1hi2yT6DX4i-c7ZTfy-kq23ZhzAsIursk/view?usp=drivesdk,Devanagari,,,388
Kashyapa Smriti,Upasmriti,https://drive.google.com/file/d/1NPogdbxej1HbaoAYJDSXAXzQ3bhkaSg0/view?usp=drivesdk,Devanagari,,,389
Pulastya Smriti,Upasmriti,https://drive.google.com/file/d/1qmo2gFLzgtj4CEgR3D78YaBD8qmk_quf/view?usp=drivesdk,Devanagari,,,390
Narada Smriti,Upasmriti,https://drive.google.com/file/d/1KNbGFNPbkZ1EjQ2L8142UOiMXFMyJmaP/view?usp=drivesdk,Devanagari,,,391
Vishvamitra Smriti,Upasmriti,https://drive.google.com/file/d/1OQegFImsMDH0UPd38JOdZTd9ixbI35-G/view?usp=drivesdk,Devanagari,,,392
Devala Smriti,Upasmriti,https://drive.google.com/file/d/1MOMGcqlWgx8s7r8y_FCbLP96ryM9aNo2/view?usp=drivesdk,Devanagari,,,393
Markandeya Smriti,Upasmriti,https://drive.google.com/file/d/1XBkX29_zjR_TKLju_ZETkw-vGQteOM6r/view?usp=drivesdk,Devanagari,,,394
Rishyashringa Smriti,Upasmriti,https://drive.google.com/file/d/1pf2i4LNZLr9UxV5zvBotSl5NQteOg7OU/view?usp=drivesdk,Devanagari,,,395
Ashvalayana Smriti,Upasmriti,https://drive.google.com/file/d/1KACNNVEWmo-4205tJMcyCF_qHD_meEDS/view?usp=drivesdk,Devanagari,,,396
Narayana Smriti,Upasmriti,https://drive.google.com/file/d/1DLDRPieBOA0fxrJxN5XdLJlJ3VEkQuBw/view?usp=drivesdk,Devanagari,,,397
Bharadvaja Smriti,Upasmriti,https://drive.google.com/file/d/1J64QgPWLFY__LgpWwWjLvJdpViExcv1T/view?usp=drivesdk,Devanagari,,,398
Lohita Smriti,Upasmriti,https://drive.google.com/file/d/1YiTu6v1D3_qHY3e7pW5glhQSNCUr63D6/view?usp=drivesdk,Devanagari,,,399
Vyahgrapada Smriti,Upasmriti,https://drive.google.com/file/d/1AX3oBRmdJI2efEfMogXhAW--Fh1RnEk5/view?usp=drivesdk,Devanagari,,,400
Dalbhya Smriti,Upasmriti,https://drive.google.com/file/d/1-DSNxMhdF48EgbMaw8-Ou4jPi5z-DosK/view?usp=drivesdk,Devanagari,,,401
Prajapati Smriti,Upasmriti,https://drive.google.com/file/d/1kq1hEPuH6UUSAMiyo1qqItdZbbAz-_5z/view?usp=drivesdk,Devanagari,,,402
Shatatapa Smriti,Upasmriti,https://drive.google.com/file/d/1w7riwpaUy9VbMPsZXXDZ5bXfgBe_iHf7/view?usp=drivesdk,Devanagari,,,403
Baudhayana Smriti,Upasmriti,https://drive.google.com/file/d/14akVJiXhAD0_Zzucl3Sxs_1D-K92Cin5/view?usp=drivesdk,Devanagari,,,404
Ramayana - Bala Kanda,Ramayana,https://drive.google.com/file/d/1ybNXJVoyApfPnS7ux946NDsh2TcXxW20/view?usp=drivesdk,Devanagari,,,405
Ramayana - Ayodhya Kanda,Ramayana,https://drive.google.com/file/d/1diLSXYmFPPH_rUQMsnDk_ffDZ6-VvJUm/view?usp=drivesdk,Devanagari,,,406
Ramayana - Aranya Kanda,Ramayana,https://drive.google.com/file/d/1_EIeGPM52b8UnWDCwXvOkTsJyTDZ4ytg/view?usp=drivesdk,Devanagari,,,407
Ramayana - Kishkindha Kanda,Ramayana,https://drive.google.com/file/d/1BjiEJuzxPb3-2UQ5T91-pURcLhkQof1U/view?usp=drivesdk,Devanagari,,,408
Ramayana - Sundara Kanda,Ramayana,https://drive.google.com/file/d/1bnFyY179NqRK-5AAhtFO93wRrrblvav3/view?usp=drivesdk,Devanagari,,,409
Ramayana - Yuddha Kanda,Ramayana,https://drive.google.com/file/d/1nsbcQ-GHnosOmYno-gnkU9gXQXYlkcBv/view?usp=drivesdk,Devanagari,,,410
Ramayana - Uttara Kanda,Ramayana,https://drive.google.com/file/d/18EqFCLCH9mngLe_nhQwhc5ctvIp3rmaX/view?usp=drivesdk,Devanagari,,,411
Mahabharata - Adi Parva,Mahabharata,https://drive.google.com/file/d/1K1ReyBZeefhrE1ps0KwH3nuVk8rcVG90/view?usp=drivesdk,Devanagari,,,412
Mahabharata - Sabha Parva,Mahabharata,https://drive.google.com/file/d/1qGkOeTNFL3lpNA_xh_rcNvX9dDtBW2uJ/view?usp=drivesdk,Devanagari,,,413
Mahabharata - Aranyaka Parva,Mahabharata,https://drive.google.com/file/d/15I_lt02x6bMd8hUn5kdBPAfFCoNqgxmk/view?usp=drivesdk,Devanagari,,,414
Mahabharata - Virata Parva,Mahabharata,https://drive.google.com/file/d/1dRKfi60cQxY6HklPCOu5XOe2rm750j6g/view?usp=drivesdk,Devanagari,,,415
Mahabharata - Udyoga Parva,Mahabharata,https://drive.google.com/file/d/1UKUslVibc2hiQEFPjk78LroR4SUmsLov/view?usp=drivesdk,Devanagari,,,416
Mahabharata - Bhisma Parva,Mahabharata,https://drive.google.com/file/d/1UhgsL4yIvOXyvjCXTZQackURIS6dUBBU/view?usp=drivesdk,Devanagari,,,417
Mahabharata - Drona parva,Mahabharata,https://drive.google.com/file/d/1_5eO7hyZc0bjHDpGdO3r_n1fOJT5aHyq/view?usp=drivesdk,Devanagari,,,418
Mahabharata - Karna Parva,Mahabharata,https://drive.google.com/file/d/1-8SxgmmqqpEhUhVXIVuiFgqsW6G4mvDi/view?usp=drivesdk,Devanagari,,,419
Mahabharata - Shalya Parva,Mahabharata,https://drive.google.com/file/d/1RoacaQy6zAiGU7blmuetScBEDvRU9x4W/view?usp=drivesdk,Devanagari,,,420
Mahabharata - Sauptika Parva,Mahabharata,https://drive.google.com/file/d/1hRIeAI3S3HqNXuAGCvNDXrkCsLtNLLkn/view?usp=drivesdk,Devanagari,,,421
Mahabharata - Stri Parva,Mahabharata,https://drive.google.com/file/d/163EHWLlCpkKVwBs-O0kvrzkgtEf0lpoy/view?usp=drivesdk,Devanagari,,,422
Mahabharata - Shanti Parva,Mahabharata,https://drive.google.com/file/d/17m1gGoUo6ESEVlh-l0_w0la8bELhCL86/view?usp=drivesdk,Devanagari,,,423
Mahabharata - Anushasana Parva,Mahabharata,https://drive.google.com/file/d/10MGIaBFe8J-RWimyvcIMkqaaGaOGDSKZ/view?usp=drivesdk,Devanagari,,,424
Mahabharata - Ashwamedhika Parva,Mahabharata,https://drive.google.com/file/d/1qJQMLVEhH_Q_ziHHdZ14dMuZspeRjfWg/view?usp=drivesdk,Devanagari,,,425
Mahabharata - Ashramavasa Parva,Mahabharata,https://drive.google.com/file/d/1oFoMxMNnaknozsYVAq4VWMLYcFdHfBWW/view?usp=drivesdk,Devanagari,,,426
Mahabharata - Mausala Parva,Mahabharata,https://drive.google.com/file/d/1dV_SnIyihSXRFT-lzHo6wOipyG1w_Jlf/view?usp=drivesdk,Devanagari,,,427
Mahabharata - Mahaprasthanika Parva,Mahabharata,https://drive.google.com/file/d/1c7jtVVR9Y3WJ4vHIJBadpUDeevjhov-z/view?usp=drivesdk,Devanagari,,,428
Mahabharata - Swargarohana Parva,Mahabharata,https://drive.google.com/file/d/1bz669rZnsXWcAr6SG3iBNIxeqiafsbYc/view?usp=drivesdk,Devanagari,,,429
Bhagavad Gita,Bhagavad Gita,https://drive.google.com/file/d/1HxT_6N7iQQk3cc_PGjJTToDG91Oga9an/view?usp=drivesdk,Devanagari,,,430
Rig Veda Pratishakhya,Rig Veda,https://drive.google.com/file/d/15v9KNWuxbF4foFrutjBEALNIfZZFORJK/view?usp=drivesdk,Devanagari,,,431
